{"stats":{"minecraft:dropped":{"minecraft:cooked_beef":2},"minecraft:killed":{"minecraft:pig":1,"minecraft:sheep":7,"minecraft:skeleton":1,"minecraft:zombie":1,"minecraft:cow":3},"minecraft:picked_up":{"minecraft:birch_log":6,"minecraft:crafting_table":2,"minecraft:leather":2,"minecraft:oak_log":31,"minecraft:lapis_lazuli":69,"minecraft:dirt":31,"minecraft:bone":2,"minecraft:wheat_seeds":1,"minecraft:cobbled_deepslate":8,"minecraft:beef":6,"minecraft:iron_ingot":5,"minecraft:egg":1,"minecraft:raw_iron":40,"minecraft:torch":1,"minecraft:porkchop":1,"minecraft:diorite":5,"minecraft:arrow":3,"minecraft:rotten_flesh":4,"minecraft:diamond":3,"minecraft:oak_sapling":3,"minecraft:mutton":10,"minecraft:coal":37,"minecraft:white_wool":7,"minecraft:cobblestone":52},"minecraft:mined":{"minecraft:deepslate_diamond_ore":3,"minecraft:crafting_table":2,"minecraft:short_grass":7,"minecraft:grass_block":13,"minecraft:tall_grass":1,"minecraft:lapis_ore":12,"minecraft:diorite":7,"minecraft:birch_log":6,"minecraft:iron_ore":33,"minecraft:birch_leaves":1,"minecraft:oak_log":31,"minecraft:coal_ore":37,"minecraft:deepslate_iron_ore":8,"minecraft:dirt":16,"minecraft:stone":50,"minecraft:deepslate":8,"minecraft:oak_leaves":5},"minecraft:crafted":{"minecraft:cooked_beef":5,"minecraft:oak_planks":16,"minecraft:crafting_table":1,"minecraft:wooden_pickaxe":1,"minecraft:birch_planks":24,"minecraft:stone_axe":1,"minecraft:cooked_mutton":15,"minecraft:air":0,"minecraft:shield":1,"minecraft:stick":20,"minecraft:iron_pickaxe":1,"minecraft:stone_pickaxe":1,"minecraft:stone_sword":1,"minecraft:torch":44},"minecraft:custom":{"minecraft:interact_with_furnace":8,"minecraft:mob_kills":15,"minecraft:interact_with_crafting_table":6,"minecraft:leave_game":1,"minecraft:time_since_death":30646,"minecraft:sleep_in_bed":2,"minecraft:time_since_rest":14889,"minecraft:sprint_one_cm":122586,"minecraft:damage_taken":476,"minecraft:walk_one_cm":55975,"minecraft:damage_blocked_by_shield":438,"minecraft:drop":2,"minecraft:damage_dealt":1744,"minecraft:swim_one_cm":7949,"minecraft:talked_to_villager":1,"minecraft:fly_one_cm":148205,"minecraft:open_chest":7,"minecraft:crouch_one_cm":8705,"minecraft:play_time":30646,"minecraft:sneak_time":5002,"minecraft:walk_under_water_one_cm":1160,"minecraft:jump":716,"minecraft:walk_on_water_one_cm":4340,"minecraft:total_world_time":30646,"minecraft:fall_one_cm":15118},"minecraft:used":{"minecraft:cooked_mutton":5,"minecraft:stone_sword":17,"minecraft:stone_pickaxe":107,"minecraft:wooden_pickaxe":19,"minecraft:shield":9,"minecraft:torch":43,"minecraft:dirt":1,"minecraft:mutton":2,"minecraft:crafting_table":2,"minecraft:iron_pickaxe":43,"minecraft:stone_axe":52,"minecraft:cobblestone":9,"minecraft:beef":1,"minecraft:furnace":1,"minecraft:porkchop":1,"minecraft:egg":1,"minecraft:cooked_beef":3}},"DataVersion":3955}