{"stats":{"minecraft:picked_up":{"minecraft:birch_log":6,"minecraft:crafting_table":1,"minecraft:oak_log":4,"minecraft:dirt":12,"minecraft:cobblestone":22,"minecraft:egg":1},"minecraft:mined":{"minecraft:grass_block":4,"minecraft:oak_log":4,"minecraft:dirt":8,"minecraft:birch_log":6,"minecraft:stone":22,"minecraft:birch_leaves":1,"minecraft:crafting_table":1},"minecraft:crafted":{"minecraft:stone_sword":1,"minecraft:oak_planks":16,"minecraft:birch_planks":24,"minecraft:stone_axe":1,"minecraft:crafting_table":1,"minecraft:stick":16,"minecraft:wooden_pickaxe":1,"minecraft:stone_pickaxe":1},"minecraft:used":{"minecraft:stone_axe":1,"minecraft:dirt":1,"minecraft:crafting_table":1,"minecraft:stone_pickaxe":14,"minecraft:wooden_pickaxe":19},"minecraft:custom":{"minecraft:time_since_rest":6646,"minecraft:crouch_one_cm":1196,"minecraft:play_time":6646,"minecraft:sprint_one_cm":18575,"minecraft:walk_one_cm":6596,"minecraft:sneak_time":922,"minecraft:walk_under_water_one_cm":55,"minecraft:jump":104,"minecraft:walk_on_water_one_cm":142,"minecraft:leave_game":1,"minecraft:time_since_death":6646,"minecraft:total_world_time":6646,"minecraft:swim_one_cm":1156,"minecraft:interact_with_crafting_table":3,"minecraft:fly_one_cm":20655,"minecraft:fall_one_cm":1463}},"DataVersion":3955}