{"stats":{"minecraft:dropped":{"minecraft:cooked_beef":2},"minecraft:killed":{"minecraft:pig":1,"minecraft:sheep":7,"minecraft:skeleton":2,"minecraft:zombie":2,"minecraft:cow":3},"minecraft:picked_up":{"minecraft:birch_log":6,"minecraft:crafting_table":2,"minecraft:leather":2,"minecraft:oak_log":31,"minecraft:lapis_lazuli":80,"minecraft:dirt":31,"minecraft:bone":3,"minecraft:wheat_seeds":1,"minecraft:cobbled_deepslate":9,"minecraft:beef":6,"minecraft:iron_ingot":5,"minecraft:egg":1,"minecraft:raw_iron":54,"minecraft:torch":1,"minecraft:gravel":3,"minecraft:porkchop":1,"minecraft:diorite":5,"minecraft:arrow":4,"minecraft:rotten_flesh":5,"minecraft:diamond":3,"minecraft:granite":1,"minecraft:oak_sapling":3,"minecraft:mutton":10,"minecraft:coal":47,"minecraft:white_wool":7,"minecraft:cobblestone":55},"minecraft:mined":{"minecraft:deepslate_diamond_ore":3,"minecraft:crafting_table":2,"minecraft:granite":1,"minecraft:short_grass":7,"minecraft:grass_block":13,"minecraft:tall_grass":1,"minecraft:lapis_ore":14,"minecraft:diorite":7,"minecraft:birch_log":6,"minecraft:iron_ore":46,"minecraft:birch_leaves":1,"minecraft:oak_log":31,"minecraft:coal_ore":47,"minecraft:deepslate_iron_ore":9,"minecraft:dirt":16,"minecraft:stone":53,"minecraft:deepslate":9,"minecraft:oak_leaves":5},"minecraft:crafted":{"minecraft:cooked_beef":5,"minecraft:oak_planks":28,"minecraft:crafting_table":1,"minecraft:wooden_pickaxe":1,"minecraft:birch_planks":24,"minecraft:stone_axe":1,"minecraft:cooked_mutton":15,"minecraft:air":0,"minecraft:shield":1,"minecraft:stick":48,"minecraft:iron_pickaxe":1,"minecraft:stone_pickaxe":1,"minecraft:stone_sword":1,"minecraft:torch":156},"minecraft:custom":{"minecraft:interact_with_furnace":8,"minecraft:mob_kills":17,"minecraft:interact_with_crafting_table":6,"minecraft:leave_game":2,"minecraft:time_since_death":35730,"minecraft:sleep_in_bed":2,"minecraft:time_since_rest":19973,"minecraft:sprint_one_cm":148107,"minecraft:damage_taken":601,"minecraft:walk_one_cm":65107,"minecraft:damage_blocked_by_shield":573,"minecraft:drop":2,"minecraft:damage_dealt":2143,"minecraft:swim_one_cm":7949,"minecraft:talked_to_villager":1,"minecraft:fly_one_cm":177881,"minecraft:open_chest":7,"minecraft:crouch_one_cm":9637,"minecraft:play_time":35730,"minecraft:sneak_time":5421,"minecraft:walk_under_water_one_cm":1160,"minecraft:jump":878,"minecraft:walk_on_water_one_cm":4340,"minecraft:total_world_time":35730,"minecraft:fall_one_cm":19690},"minecraft:used":{"minecraft:cooked_mutton":7,"minecraft:stone_sword":25,"minecraft:stone_pickaxe":107,"minecraft:wooden_pickaxe":19,"minecraft:shield":11,"minecraft:torch":82,"minecraft:dirt":1,"minecraft:mutton":2,"minecraft:crafting_table":2,"minecraft:iron_pickaxe":74,"minecraft:stone_axe":52,"minecraft:cobblestone":9,"minecraft:beef":1,"minecraft:furnace":1,"minecraft:porkchop":1,"minecraft:egg":1,"minecraft:cooked_beef":3}},"DataVersion":3955}