{"stats":{"minecraft:dropped":{"minecraft:cooked_beef":2},"minecraft:killed":{"minecraft:sheep":5,"minecraft:skeleton":1,"minecraft:zombie":1,"minecraft:pig":1,"minecraft:cow":3},"minecraft:picked_up":{"minecraft:birch_log":6,"minecraft:crafting_table":1,"minecraft:leather":2,"minecraft:porkchop":1,"minecraft:oak_log":6,"minecraft:dirt":28,"minecraft:bone":2,"minecraft:arrow":3,"minecraft:rotten_flesh":4,"minecraft:wheat_seeds":1,"minecraft:iron_ingot":5,"minecraft:beef":6,"minecraft:coal":18,"minecraft:mutton":6,"minecraft:white_wool":5,"minecraft:cobblestone":26,"minecraft:egg":1},"minecraft:mined":{"minecraft:birch_log":6,"minecraft:birch_leaves":1,"minecraft:crafting_table":1,"minecraft:short_grass":2,"minecraft:coal_ore":18,"minecraft:grass_block":4,"minecraft:oak_log":6,"minecraft:dirt":8,"minecraft:tall_grass":1,"minecraft:stone":26},"minecraft:crafted":{"minecraft:cooked_beef":5,"minecraft:oak_planks":16,"minecraft:shield":1,"minecraft:crafting_table":1,"minecraft:stick":16,"minecraft:wooden_pickaxe":1,"minecraft:stone_pickaxe":1,"minecraft:stone_sword":1,"minecraft:torch":36,"minecraft:birch_planks":24,"minecraft:stone_axe":1,"minecraft:cooked_mutton":15,"minecraft:air":0},"minecraft:used":{"minecraft:cooked_mutton":3,"minecraft:stone_sword":16,"minecraft:stone_pickaxe":36,"minecraft:shield":8,"minecraft:wooden_pickaxe":19,"minecraft:torch":3,"minecraft:stone_axe":17,"minecraft:cobblestone":1,"minecraft:dirt":1,"minecraft:mutton":2,"minecraft:beef":1,"minecraft:crafting_table":1,"minecraft:furnace":1,"minecraft:porkchop":1,"minecraft:egg":1,"minecraft:cooked_beef":3},"minecraft:custom":{"minecraft:time_since_rest":2889,"minecraft:interact_with_furnace":8,"minecraft:sprint_one_cm":95806,"minecraft:damage_taken":416,"minecraft:walk_one_cm":30190,"minecraft:damage_blocked_by_shield":423,"minecraft:mob_kills":13,"minecraft:drop":2,"minecraft:damage_dealt":1534,"minecraft:talked_to_villager":1,"minecraft:swim_one_cm":5733,"minecraft:interact_with_crafting_table":4,"minecraft:fly_one_cm":115459,"minecraft:open_chest":7,"minecraft:crouch_one_cm":2571,"minecraft:play_time":18646,"minecraft:sneak_time":1784,"minecraft:walk_under_water_one_cm":376,"minecraft:jump":512,"minecraft:leave_game":1,"minecraft:time_since_death":18646,"minecraft:walk_on_water_one_cm":1047,"minecraft:sleep_in_bed":2,"minecraft:total_world_time":18646,"minecraft:fall_one_cm":10386}},"DataVersion":3955}