{"stats":{"minecraft:dropped":{"minecraft:gravel":20,"minecraft:cobbled_deepslate":153,"minecraft:birch_sapling":1,"minecraft:iron_helmet":1,"minecraft:cobblestone":34,"minecraft:iron_boots":1,"minecraft:dirt":14,"minecraft:iron_chestplate":2,"minecraft:andesite":1,"minecraft:oak_sapling":2,"minecraft:iron_leggings":1,"minecraft:stone_pickaxe":1,"minecraft:wooden_pickaxe":1,"minecraft:black_wool":1},"minecraft:broken":{"minecraft:iron_pickaxe":1},"minecraft:killed":{"minecraft:skeleton":2,"minecraft:sheep":7,"minecraft:zombie":4,"minecraft:enderman":1,"minecraft:cow":8},"minecraft:picked_up":{"minecraft:wooden_axe":2,"minecraft:birch_log":6,"minecraft:iron_chestplate":1,"minecraft:crafting_table":11,"minecraft:clay_ball":8,"minecraft:andesite":1,"minecraft:leather":13,"minecraft:wooden_pickaxe":2,"minecraft:birch_planks":25,"minecraft:flint":2,"minecraft:tuff":15,"minecraft:oak_log":5,"minecraft:lapis_lazuli":84,"minecraft:dirt":17,"minecraft:bone":3,"minecraft:cobbled_deepslate":466,"minecraft:raw_gold":19,"minecraft:beef":13,"minecraft:stone_pickaxe":2,"minecraft:sugar_cane":7,"minecraft:birch_sapling":3,"minecraft:egg":2,"minecraft:furnace":6,"minecraft:stick":2,"minecraft:raw_iron":104,"minecraft:birch_boat":2,"minecraft:gravel":20,"minecraft:diorite":2,"minecraft:diamond":50,"minecraft:granite":9,"minecraft:obsidian":4,"minecraft:oak_sapling":3,"minecraft:black_wool":1,"minecraft:mutton":13,"minecraft:coal":45,"minecraft:white_wool":8,"minecraft:cobblestone":104,"minecraft:enchanting_table":1},"minecraft:mined":{"minecraft:tuff":16,"minecraft:deepslate_diamond_ore":50,"minecraft:clay":2,"minecraft:obsidian":4,"minecraft:crafting_table":9,"minecraft:granite":9,"minecraft:short_grass":4,"minecraft:cobblestone":5,"minecraft:tall_grass":2,"minecraft:lapis_ore":5,"minecraft:deepslate_gold_ore":19,"minecraft:sugar_cane":4,"minecraft:diorite":2,"minecraft:birch_planks":1,"minecraft:furnace":6,"minecraft:birch_log":6,"minecraft:iron_ore":44,"minecraft:cobbled_deepslate":1,"minecraft:andesite":1,"minecraft:birch_leaves":2,"minecraft:deepslate_lapis_ore":10,"minecraft:enchanting_table":1,"minecraft:oak_log":5,"minecraft:coal_ore":16,"minecraft:deepslate_iron_ore":2,"minecraft:gravel":32,"minecraft:dirt":4,"minecraft:stone":97,"minecraft:deepslate":483,"minecraft:oak_leaves":10},"minecraft:crafted":{"minecraft:cooked_beef":13,"minecraft:oak_planks":20,"minecraft:diamond_axe":1,"minecraft:crafting_table":1,"minecraft:enchanting_table":1,"minecraft:birch_boat":1,"minecraft:wooden_pickaxe":1,"minecraft:iron_helmet":1,"minecraft:furnace":2,"minecraft:bucket":2,"minecraft:birch_planks":24,"minecraft:cooked_mutton":8,"minecraft:air":0,"minecraft:book":2,"minecraft:paper":6,"minecraft:diamond_helmet":1,"minecraft:diamond_leggings":1,"minecraft:iron_boots":1,"minecraft:iron_chestplate":1,"minecraft:diamond_pickaxe":1,"minecraft:shield":1,"minecraft:iron_axe":1,"minecraft:stick":16,"minecraft:iron_ingot":39,"minecraft:iron_pickaxe":1,"minecraft:stone_pickaxe":1,"minecraft:wooden_axe":1,"minecraft:gold_ingot":8,"minecraft:diamond_boots":1,"minecraft:iron_leggings":1,"minecraft:diamond_chestplate":1},"minecraft:killed_by":{"minecraft:skeleton":1,"minecraft:zombie":1},"minecraft:custom":{"minecraft:interact_with_furnace":75,"minecraft:mob_kills":22,"minecraft:interact_with_crafting_table":28,"minecraft:leave_game":1,"minecraft:time_since_death":67154,"minecraft:time_since_rest":67184,"minecraft:sprint_one_cm":168739,"minecraft:damage_taken":1693,"minecraft:walk_one_cm":75436,"minecraft:damage_blocked_by_shield":1195,"minecraft:drop":23,"minecraft:damage_dealt":3169,"minecraft:swim_one_cm":13198,"minecraft:fly_one_cm":234364,"minecraft:crouch_one_cm":27877,"minecraft:play_time":81895,"minecraft:deaths":3,"minecraft:sneak_time":15906,"minecraft:walk_under_water_one_cm":6585,"minecraft:boat_one_cm":136354,"minecraft:jump":1503,"minecraft:walk_on_water_one_cm":29075,"minecraft:total_world_time":81895,"minecraft:fall_one_cm":35853},"minecraft:used":{"minecraft:cooked_mutton":8,"minecraft:water_bucket":13,"minecraft:enchanting_table":1,"minecraft:diamond_boots":1,"minecraft:birch_planks":10,"minecraft:stone_pickaxe":70,"minecraft:oak_planks":6,"minecraft:shield":19,"minecraft:birch_boat":2,"minecraft:wooden_pickaxe":8,"minecraft:diamond_axe":25,"minecraft:iron_chestplate":1,"minecraft:dirt":1,"minecraft:mutton":2,"minecraft:crafting_table":9,"minecraft:diamond_helmet":1,"minecraft:wooden_axe":24,"minecraft:diamond_pickaxe":480,"minecraft:iron_axe":27,"minecraft:iron_pickaxe":250,"minecraft:cobblestone":22,"minecraft:furnace":6,"minecraft:bucket":14,"minecraft:cobbled_deepslate":95,"minecraft:egg":2,"minecraft:cooked_beef":4,"minecraft:diamond_leggings":1}},"DataVersion":3955}