{"stats":{"minecraft:killed":{"minecraft:sheep":1,"minecraft:zombie":1},"minecraft:picked_up":{"minecraft:wooden_axe":1,"minecraft:birch_log":6,"minecraft:stick":2,"minecraft:raw_iron":58,"minecraft:crafting_table":3,"minecraft:wooden_pickaxe":1,"minecraft:birch_planks":1,"minecraft:oak_log":5,"minecraft:dirt":1,"minecraft:stone_pickaxe":1,"minecraft:oak_sapling":1,"minecraft:mutton":3,"minecraft:birch_sapling":2,"minecraft:coal":26,"minecraft:white_wool":2,"minecraft:cobblestone":17,"minecraft:egg":1},"minecraft:mined":{"minecraft:birch_planks":1,"minecraft:birch_log":6,"minecraft:iron_ore":29,"minecraft:birch_leaves":2,"minecraft:crafting_table":2,"minecraft:short_grass":1,"minecraft:coal_ore":13,"minecraft:oak_log":5,"minecraft:gravel":1,"minecraft:dirt":2,"minecraft:cobblestone":1,"minecraft:stone":14,"minecraft:oak_leaves":7},"minecraft:crafted":{"minecraft:oak_planks":20,"minecraft:crafting_table":1,"minecraft:stick":8,"minecraft:wooden_pickaxe":1,"minecraft:stone_pickaxe":1,"minecraft:wooden_axe":1,"minecraft:birch_planks":24},"minecraft:killed_by":{"minecraft:skeleton":1,"minecraft:zombie":1},"minecraft:used":{"minecraft:wooden_axe":16,"minecraft:birch_planks":1,"minecraft:stone_pickaxe":50,"minecraft:oak_planks":6,"minecraft:wooden_pickaxe":8,"minecraft:dirt":1,"minecraft:cobblestone":10,"minecraft:crafting_table":2,"minecraft:egg":1},"minecraft:custom":{"minecraft:time_since_rest":1184,"minecraft:sprint_one_cm":47578,"minecraft:damage_taken":834,"minecraft:walk_one_cm":18195,"minecraft:mob_kills":2,"minecraft:damage_dealt":382,"minecraft:interact_with_crafting_table":2,"minecraft:swim_one_cm":3902,"minecraft:fly_one_cm":59403,"minecraft:crouch_one_cm":4525,"minecraft:play_time":15895,"minecraft:deaths":3,"minecraft:sneak_time":2472,"minecraft:walk_under_water_one_cm":2375,"minecraft:jump":379,"minecraft:leave_game":1,"minecraft:walk_on_water_one_cm":7726,"minecraft:time_since_death":1154,"minecraft:total_world_time":15895,"minecraft:fall_one_cm":13550}},"DataVersion":3955}