{"stats":{"minecraft:dropped":{"minecraft:gravel":20,"minecraft:cobbled_deepslate":153,"minecraft:birch_sapling":1,"minecraft:iron_helmet":1,"minecraft:cobblestone":34,"minecraft:iron_boots":1,"minecraft:granite":9,"minecraft:flint":2,"minecraft:dirt":16,"minecraft:diorite":4,"minecraft:iron_chestplate":2,"minecraft:andesite":1,"minecraft:oak_sapling":2,"minecraft:iron_leggings":1,"minecraft:stone_pickaxe":1,"minecraft:wooden_pickaxe":1,"minecraft:black_wool":1},"minecraft:broken":{"minecraft:iron_pickaxe":1},"minecraft:killed":{"minecraft:bat":1,"minecraft:skeleton":2,"minecraft:sheep":7,"minecraft:zombie":10,"minecraft:enderman":1,"minecraft:cow":8},"minecraft:picked_up":{"minecraft:wooden_axe":2,"minecraft:birch_log":6,"minecraft:iron_chestplate":1,"minecraft:crafting_table":11,"minecraft:clay_ball":16,"minecraft:andesite":1,"minecraft:leather":13,"minecraft:wooden_pickaxe":2,"minecraft:birch_planks":25,"minecraft:flint":2,"minecraft:tuff":15,"minecraft:oak_log":5,"minecraft:amethyst_block":20,"minecraft:lapis_lazuli":84,"minecraft:dirt":17,"minecraft:bone":3,"minecraft:cobbled_deepslate":467,"minecraft:raw_gold":19,"minecraft:beef":13,"minecraft:stone_pickaxe":2,"minecraft:sugar_cane":7,"minecraft:birch_sapling":3,"minecraft:egg":2,"minecraft:furnace":6,"minecraft:dark_oak_sapling":2,"minecraft:stick":2,"minecraft:raw_iron":125,"minecraft:birch_boat":2,"minecraft:gravel":20,"minecraft:diorite":4,"minecraft:dark_oak_log":76,"minecraft:diamond":50,"minecraft:granite":9,"minecraft:obsidian":4,"minecraft:oak_sapling":3,"minecraft:black_wool":1,"minecraft:mutton":13,"minecraft:coal":45,"minecraft:white_wool":8,"minecraft:cobblestone":109,"minecraft:enchanting_table":1},"minecraft:mined":{"minecraft:tuff":16,"minecraft:dark_oak_leaves":5,"minecraft:deepslate_diamond_ore":50,"minecraft:dark_oak_log":79,"minecraft:amethyst_cluster":1,"minecraft:clay":4,"minecraft:obsidian":4,"minecraft:crafting_table":9,"minecraft:granite":9,"minecraft:short_grass":4,"minecraft:cobblestone":5,"minecraft:tall_grass":3,"minecraft:lapis_ore":5,"minecraft:deepslate_gold_ore":19,"minecraft:moss_block":2,"minecraft:sugar_cane":4,"minecraft:diorite":2,"minecraft:amethyst_block":20,"minecraft:birch_planks":1,"minecraft:furnace":6,"minecraft:birch_log":6,"minecraft:iron_ore":65,"minecraft:cobbled_deepslate":2,"minecraft:andesite":3,"minecraft:birch_leaves":2,"minecraft:deepslate_lapis_ore":10,"minecraft:enchanting_table":1,"minecraft:oak_log":5,"minecraft:coal_ore":16,"minecraft:deepslate_iron_ore":2,"minecraft:gravel":32,"minecraft:dirt":4,"minecraft:stone":102,"minecraft:deepslate":483,"minecraft:oak_leaves":10},"minecraft:crafted":{"minecraft:cooked_beef":13,"minecraft:oak_planks":20,"minecraft:diamond_axe":1,"minecraft:crafting_table":1,"minecraft:enchanting_table":1,"minecraft:birch_boat":1,"minecraft:wooden_pickaxe":1,"minecraft:iron_helmet":1,"minecraft:furnace":2,"minecraft:bucket":2,"minecraft:birch_planks":24,"minecraft:cooked_mutton":8,"minecraft:air":0,"minecraft:book":2,"minecraft:paper":6,"minecraft:diamond_helmet":1,"minecraft:diamond_leggings":1,"minecraft:iron_boots":1,"minecraft:iron_chestplate":1,"minecraft:diamond_pickaxe":1,"minecraft:shield":1,"minecraft:iron_axe":1,"minecraft:stick":16,"minecraft:iron_ingot":39,"minecraft:iron_pickaxe":1,"minecraft:stone_pickaxe":1,"minecraft:wooden_axe":1,"minecraft:gold_ingot":8,"minecraft:diamond_boots":1,"minecraft:iron_leggings":1,"minecraft:diamond_chestplate":1},"minecraft:killed_by":{"minecraft:skeleton":1,"minecraft:zombie":1},"minecraft:custom":{"minecraft:interact_with_furnace":75,"minecraft:mob_kills":29,"minecraft:interact_with_crafting_table":28,"minecraft:leave_game":2,"minecraft:time_since_death":74165,"minecraft:time_since_rest":74195,"minecraft:sprint_one_cm":182399,"minecraft:damage_taken":1967,"minecraft:walk_one_cm":90180,"minecraft:damage_blocked_by_shield":1983,"minecraft:drop":28,"minecraft:damage_dealt":4586,"minecraft:swim_one_cm":13198,"minecraft:fly_one_cm":249447,"minecraft:crouch_one_cm":32814,"minecraft:play_time":88906,"minecraft:deaths":3,"minecraft:sneak_time":17341,"minecraft:walk_under_water_one_cm":8504,"minecraft:boat_one_cm":136354,"minecraft:jump":1667,"minecraft:walk_on_water_one_cm":30610,"minecraft:total_world_time":88906,"minecraft:fall_one_cm":38181},"minecraft:used":{"minecraft:cooked_mutton":8,"minecraft:water_bucket":23,"minecraft:enchanting_table":1,"minecraft:diamond_boots":1,"minecraft:birch_planks":10,"minecraft:stone_pickaxe":70,"minecraft:oak_planks":6,"minecraft:shield":28,"minecraft:birch_boat":2,"minecraft:wooden_pickaxe":8,"minecraft:diamond_axe":134,"minecraft:iron_chestplate":1,"minecraft:dirt":1,"minecraft:mutton":2,"minecraft:crafting_table":9,"minecraft:diamond_helmet":1,"minecraft:wooden_axe":24,"minecraft:diamond_pickaxe":532,"minecraft:iron_axe":27,"minecraft:iron_pickaxe":250,"minecraft:cobblestone":22,"minecraft:furnace":6,"minecraft:bucket":24,"minecraft:cobbled_deepslate":105,"minecraft:egg":2,"minecraft:cooked_beef":7,"minecraft:diamond_leggings":1}},"DataVersion":3955}