{"stats":{"minecraft:broken":{"minecraft:iron_pickaxe":1},"minecraft:killed":{"minecraft:sheep":7,"minecraft:zombie":1,"minecraft:cow":8},"minecraft:picked_up":{"minecraft:wooden_axe":2,"minecraft:birch_log":6,"minecraft:crafting_table":9,"minecraft:andesite":1,"minecraft:leather":13,"minecraft:wooden_pickaxe":2,"minecraft:birch_planks":25,"minecraft:flint":1,"minecraft:tuff":8,"minecraft:oak_log":5,"minecraft:dirt":15,"minecraft:cobbled_deepslate":300,"minecraft:raw_gold":8,"minecraft:beef":13,"minecraft:stone_pickaxe":2,"minecraft:sugar_cane":7,"minecraft:birch_sapling":3,"minecraft:egg":2,"minecraft:furnace":4,"minecraft:stick":2,"minecraft:raw_iron":97,"minecraft:birch_boat":1,"minecraft:gravel":1,"minecraft:diamond":30,"minecraft:oak_sapling":3,"minecraft:black_wool":1,"minecraft:mutton":13,"minecraft:coal":42,"minecraft:white_wool":8,"minecraft:cobblestone":78},"minecraft:mined":{"minecraft:tuff":8,"minecraft:deepslate_diamond_ore":30,"minecraft:crafting_table":7,"minecraft:short_grass":4,"minecraft:cobblestone":3,"minecraft:tall_grass":2,"minecraft:deepslate_gold_ore":8,"minecraft:sugar_cane":4,"minecraft:birch_planks":1,"minecraft:furnace":4,"minecraft:birch_log":6,"minecraft:iron_ore":39,"minecraft:andesite":1,"minecraft:birch_leaves":2,"minecraft:oak_log":5,"minecraft:coal_ore":16,"minecraft:gravel":10,"minecraft:dirt":2,"minecraft:stone":71,"minecraft:deepslate":316,"minecraft:oak_leaves":10},"minecraft:crafted":{"minecraft:cooked_beef":13,"minecraft:oak_planks":20,"minecraft:diamond_axe":1,"minecraft:crafting_table":1,"minecraft:birch_boat":1,"minecraft:wooden_pickaxe":1,"minecraft:iron_helmet":1,"minecraft:furnace":2,"minecraft:bucket":1,"minecraft:birch_planks":24,"minecraft:cooked_mutton":8,"minecraft:air":0,"minecraft:diamond_leggings":1,"minecraft:iron_boots":1,"minecraft:iron_chestplate":1,"minecraft:diamond_pickaxe":1,"minecraft:shield":1,"minecraft:iron_axe":1,"minecraft:stick":16,"minecraft:iron_ingot":35,"minecraft:iron_pickaxe":1,"minecraft:stone_pickaxe":1,"minecraft:wooden_axe":1,"minecraft:iron_leggings":1,"minecraft:diamond_chestplate":1},"minecraft:killed_by":{"minecraft:skeleton":1,"minecraft:zombie":1},"minecraft:custom":{"minecraft:interact_with_furnace":64,"minecraft:mob_kills":16,"minecraft:interact_with_crafting_table":20,"minecraft:leave_game":1,"minecraft:time_since_death":43154,"minecraft:time_since_rest":43184,"minecraft:sprint_one_cm":128968,"minecraft:damage_taken":1279,"minecraft:walk_one_cm":48571,"minecraft:damage_blocked_by_shield":379,"minecraft:damage_dealt":1662,"minecraft:swim_one_cm":12102,"minecraft:fly_one_cm":200569,"minecraft:crouch_one_cm":20986,"minecraft:play_time":57895,"minecraft:deaths":3,"minecraft:sneak_time":12179,"minecraft:walk_under_water_one_cm":5112,"minecraft:boat_one_cm":136354,"minecraft:jump":1039,"minecraft:walk_on_water_one_cm":16450,"minecraft:total_world_time":57895,"minecraft:fall_one_cm":30298},"minecraft:used":{"minecraft:cooked_mutton":5,"minecraft:water_bucket":7,"minecraft:birch_planks":10,"minecraft:stone_pickaxe":70,"minecraft:oak_planks":6,"minecraft:shield":6,"minecraft:birch_boat":1,"minecraft:wooden_pickaxe":8,"minecraft:diamond_axe":2,"minecraft:iron_chestplate":1,"minecraft:dirt":1,"minecraft:mutton":2,"minecraft:crafting_table":7,"minecraft:wooden_axe":24,"minecraft:diamond_pickaxe":178,"minecraft:iron_axe":27,"minecraft:iron_pickaxe":250,"minecraft:cobblestone":22,"minecraft:furnace":4,"minecraft:bucket":7,"minecraft:egg":2,"minecraft:cooked_beef":2,"minecraft:diamond_leggings":1}},"DataVersion":3955}