{"stats":{"minecraft:dropped":{"minecraft:iron_helmet":1,"minecraft:cobblestone":34,"minecraft:granite":9,"minecraft:flint":2,"minecraft:dirt":16,"minecraft:diorite":4,"minecraft:iron_leggings":1,"minecraft:gravel":20,"minecraft:cobbled_deepslate":153,"minecraft:birch_sapling":1,"minecraft:iron_boots":1,"minecraft:iron_chestplate":2,"minecraft:andesite":1,"minecraft:oak_sapling":2,"minecraft:wooden_pickaxe":1,"minecraft:stone_pickaxe":1,"minecraft:black_wool":1},"minecraft:broken":{"minecraft:iron_pickaxe":1},"minecraft:killed":{"minecraft:spider":2,"minecraft:skeleton":3,"minecraft:pig":5,"minecraft:bat":1,"minecraft:sheep":7,"minecraft:zombie":11,"minecraft:cow":8,"minecraft:enderman":1},"minecraft:picked_up":{"minecraft:wooden_axe":2,"minecraft:crafting_table":12,"minecraft:iron_chestplate":1,"minecraft:wheat":12,"minecraft:clay_ball":16,"minecraft:wooden_pickaxe":2,"minecraft:amethyst_block":20,"minecraft:string":2,"minecraft:cobbled_deepslate":467,"minecraft:beef":13,"minecraft:sugar_cane":7,"minecraft:birch_sapling":3,"minecraft:egg":2,"minecraft:furnace":6,"minecraft:dark_oak_sapling":2,"minecraft:stick":2,"minecraft:raw_iron":125,"minecraft:diorite":4,"minecraft:carrot":23,"minecraft:rotten_flesh":1,"minecraft:mutton":13,"minecraft:obsidian":4,"minecraft:white_wool":8,"minecraft:cobblestone":109,"minecraft:enchanting_table":1,"minecraft:birch_log":6,"minecraft:andesite":1,"minecraft:leather":13,"minecraft:birch_planks":25,"minecraft:flint":2,"minecraft:oak_log":6,"minecraft:tuff":15,"minecraft:lapis_lazuli":84,"minecraft:dirt":17,"minecraft:bone":4,"minecraft:wheat_seeds":34,"minecraft:raw_gold":19,"minecraft:stone_pickaxe":2,"minecraft:birch_boat":2,"minecraft:gravel":20,"minecraft:dark_oak_log":78,"minecraft:spider_eye":1,"minecraft:diamond":50,"minecraft:granite":9,"minecraft:coal":45,"minecraft:oak_sapling":3,"minecraft:black_wool":1,"minecraft:sunflower":14},"minecraft:mined":{"minecraft:tuff":16,"minecraft:dark_oak_leaves":5,"minecraft:deepslate_diamond_ore":50,"minecraft:dark_oak_log":83,"minecraft:obsidian":4,"minecraft:granite":9,"minecraft:grass_block":2,"minecraft:moss_block":2,"minecraft:furnace":6,"minecraft:carrots":6,"minecraft:iron_ore":65,"minecraft:cobbled_deepslate":2,"minecraft:andesite":3,"minecraft:deepslate_lapis_ore":10,"minecraft:enchanting_table":1,"minecraft:deepslate_iron_ore":2,"minecraft:stone":102,"minecraft:amethyst_cluster":1,"minecraft:crafting_table":10,"minecraft:clay":4,"minecraft:short_grass":23,"minecraft:tall_grass":3,"minecraft:cobblestone":5,"minecraft:lapis_ore":5,"minecraft:deepslate_gold_ore":19,"minecraft:sugar_cane":4,"minecraft:diorite":2,"minecraft:amethyst_block":20,"minecraft:birch_planks":1,"minecraft:birch_log":6,"minecraft:wheat":13,"minecraft:birch_leaves":2,"minecraft:oak_log":6,"minecraft:coal_ore":16,"minecraft:sunflower":14,"minecraft:gravel":32,"minecraft:dirt":4,"minecraft:oak_leaves":10,"minecraft:deepslate":483},"minecraft:crafted":{"minecraft:oak_planks":20,"minecraft:birch_boat":1,"minecraft:furnace":2,"minecraft:cooked_mutton":8,"minecraft:diamond_helmet":1,"minecraft:diamond_leggings":1,"minecraft:iron_boots":1,"minecraft:iron_axe":1,"minecraft:stone_pickaxe":1,"minecraft:diamond_boots":1,"minecraft:cooked_beef":13,"minecraft:diamond_axe":1,"minecraft:crafting_table":1,"minecraft:enchanting_table":1,"minecraft:wooden_pickaxe":1,"minecraft:iron_helmet":1,"minecraft:bucket":2,"minecraft:birch_planks":24,"minecraft:air":0,"minecraft:iron_chestplate":1,"minecraft:book":2,"minecraft:paper":6,"minecraft:diamond_pickaxe":1,"minecraft:gold_nugget":72,"minecraft:shield":1,"minecraft:stick":16,"minecraft:iron_ingot":39,"minecraft:iron_pickaxe":1,"minecraft:wooden_axe":1,"minecraft:iron_leggings":1,"minecraft:gold_ingot":8,"minecraft:diamond_chestplate":1,"minecraft:golden_carrot":9},"minecraft:killed_by":{"minecraft:skeleton":1,"minecraft:zombie":1},"minecraft:custom":{"minecraft:mob_kills":38,"minecraft:interact_with_crafting_table":29,"minecraft:leave_game":3,"minecraft:time_since_death":94887,"minecraft:sprint_one_cm":265688,"minecraft:walk_one_cm":122381,"minecraft:damage_blocked_by_shield":2058,"minecraft:drop":28,"minecraft:talked_to_villager":2,"minecraft:play_time":109628,"minecraft:deaths":3,"minecraft:sneak_time":17467,"minecraft:walk_under_water_one_cm":11264,"minecraft:boat_one_cm":137330,"minecraft:jump":2558,"minecraft:walk_on_water_one_cm":36051,"minecraft:total_world_time":109628,"minecraft:interact_with_furnace":75,"minecraft:sleep_in_bed":1,"minecraft:time_since_rest":3568,"minecraft:damage_taken":2430,"minecraft:damage_dealt":6071,"minecraft:swim_one_cm":17987,"minecraft:fly_one_cm":428179,"minecraft:open_chest":5,"minecraft:crouch_one_cm":33464,"minecraft:fall_one_cm":62140},"minecraft:used":{"minecraft:enchanting_table":2,"minecraft:shield":29,"minecraft:iron_chestplate":1,"minecraft:dirt":1,"minecraft:mutton":2,"minecraft:diamond_helmet":1,"minecraft:wooden_axe":24,"minecraft:iron_axe":27,"minecraft:golden_carrot":3,"minecraft:furnace":6,"minecraft:egg":2,"minecraft:cooked_beef":13,"minecraft:cobbled_deepslate":110,"minecraft:cooked_mutton":8,"minecraft:water_bucket":51,"minecraft:diamond_boots":1,"minecraft:birch_planks":10,"minecraft:stone_pickaxe":70,"minecraft:oak_planks":6,"minecraft:birch_boat":3,"minecraft:wooden_pickaxe":8,"minecraft:sugar_cane":1,"minecraft:diamond_axe":188,"minecraft:crafting_table":10,"minecraft:diamond_pickaxe":532,"minecraft:iron_pickaxe":250,"minecraft:cobblestone":22,"minecraft:bucket":52,"minecraft:diamond_leggings":1}},"DataVersion":3955}