{"stats":{"minecraft:picked_up":{"minecraft:dirt":1},"minecraft:mined":{"minecraft:birch_leaves":2,"minecraft:oak_leaves":5,"minecraft:gravel":1,"minecraft:dirt":2},"minecraft:used":{"minecraft:dirt":1},"minecraft:custom":{"minecraft:jump":95,"minecraft:time_since_rest":828,"minecraft:deaths":1,"minecraft:walk_on_water_one_cm":33,"minecraft:damage_dealt":70,"minecraft:crouch_one_cm":729,"minecraft:leave_game":1,"minecraft:play_time":3895,"minecraft:sprint_one_cm":11442,"minecraft:damage_taken":279,"minecraft:time_since_death":601,"minecraft:walk_one_cm":6311,"minecraft:sneak_time":180,"minecraft:total_world_time":3895,"minecraft:walk_under_water_one_cm":1069,"minecraft:swim_one_cm":3902,"minecraft:fall_one_cm":3232,"minecraft:fly_one_cm":13541}},"DataVersion":3955}