{"stats":{"minecraft:dropped":{"minecraft:gravel":3,"minecraft:cobbled_deepslate":89,"minecraft:birch_sapling":1,"minecraft:iron_chestplate":1,"minecraft:andesite":1,"minecraft:black_wool":1},"minecraft:broken":{"minecraft:iron_pickaxe":1},"minecraft:killed":{"minecraft:sheep":7,"minecraft:zombie":3,"minecraft:enderman":1,"minecraft:cow":8},"minecraft:picked_up":{"minecraft:wooden_axe":2,"minecraft:birch_log":6,"minecraft:iron_chestplate":1,"minecraft:crafting_table":10,"minecraft:andesite":1,"minecraft:leather":13,"minecraft:wooden_pickaxe":2,"minecraft:birch_planks":25,"minecraft:flint":1,"minecraft:tuff":11,"minecraft:oak_log":5,"minecraft:dirt":15,"minecraft:cobbled_deepslate":395,"minecraft:raw_gold":17,"minecraft:beef":13,"minecraft:stone_pickaxe":2,"minecraft:sugar_cane":7,"minecraft:birch_sapling":3,"minecraft:egg":2,"minecraft:furnace":6,"minecraft:stick":2,"minecraft:raw_iron":97,"minecraft:birch_boat":2,"minecraft:gravel":3,"minecraft:diamond":49,"minecraft:obsidian":4,"minecraft:oak_sapling":3,"minecraft:black_wool":1,"minecraft:mutton":13,"minecraft:coal":45,"minecraft:white_wool":8,"minecraft:cobblestone":79},"minecraft:mined":{"minecraft:tuff":12,"minecraft:deepslate_diamond_ore":49,"minecraft:obsidian":4,"minecraft:crafting_table":8,"minecraft:short_grass":4,"minecraft:cobblestone":4,"minecraft:tall_grass":2,"minecraft:deepslate_gold_ore":17,"minecraft:sugar_cane":4,"minecraft:birch_planks":1,"minecraft:furnace":6,"minecraft:birch_log":6,"minecraft:iron_ore":39,"minecraft:andesite":1,"minecraft:birch_leaves":2,"minecraft:oak_log":5,"minecraft:coal_ore":16,"minecraft:gravel":10,"minecraft:dirt":2,"minecraft:stone":71,"minecraft:deepslate":414,"minecraft:oak_leaves":10},"minecraft:crafted":{"minecraft:cooked_beef":13,"minecraft:oak_planks":20,"minecraft:diamond_axe":1,"minecraft:crafting_table":1,"minecraft:enchanting_table":1,"minecraft:birch_boat":1,"minecraft:wooden_pickaxe":1,"minecraft:iron_helmet":1,"minecraft:furnace":2,"minecraft:bucket":2,"minecraft:birch_planks":24,"minecraft:cooked_mutton":8,"minecraft:air":0,"minecraft:book":2,"minecraft:paper":6,"minecraft:diamond_helmet":1,"minecraft:diamond_leggings":1,"minecraft:iron_boots":1,"minecraft:iron_chestplate":1,"minecraft:diamond_pickaxe":1,"minecraft:shield":1,"minecraft:iron_axe":1,"minecraft:stick":16,"minecraft:iron_ingot":39,"minecraft:iron_pickaxe":1,"minecraft:stone_pickaxe":1,"minecraft:wooden_axe":1,"minecraft:gold_ingot":8,"minecraft:diamond_boots":1,"minecraft:iron_leggings":1,"minecraft:diamond_chestplate":1},"minecraft:killed_by":{"minecraft:skeleton":1,"minecraft:zombie":1},"minecraft:custom":{"minecraft:interact_with_furnace":75,"minecraft:mob_kills":19,"minecraft:interact_with_crafting_table":28,"minecraft:leave_game":1,"minecraft:time_since_death":55154,"minecraft:time_since_rest":55184,"minecraft:sprint_one_cm":139233,"minecraft:damage_taken":1435,"minecraft:walk_one_cm":64781,"minecraft:damage_blocked_by_shield":379,"minecraft:drop":12,"minecraft:damage_dealt":2463,"minecraft:swim_one_cm":12695,"minecraft:fly_one_cm":207414,"minecraft:crouch_one_cm":25590,"minecraft:play_time":69895,"minecraft:deaths":3,"minecraft:sneak_time":14402,"minecraft:walk_under_water_one_cm":6142,"minecraft:boat_one_cm":136354,"minecraft:jump":1137,"minecraft:walk_on_water_one_cm":20774,"minecraft:total_world_time":69895,"minecraft:fall_one_cm":31138},"minecraft:used":{"minecraft:cooked_mutton":5,"minecraft:water_bucket":12,"minecraft:enchanting_table":1,"minecraft:diamond_boots":1,"minecraft:birch_planks":10,"minecraft:stone_pickaxe":70,"minecraft:oak_planks":6,"minecraft:shield":6,"minecraft:birch_boat":2,"minecraft:wooden_pickaxe":8,"minecraft:diamond_axe":14,"minecraft:iron_chestplate":1,"minecraft:dirt":1,"minecraft:mutton":2,"minecraft:crafting_table":9,"minecraft:diamond_helmet":1,"minecraft:wooden_axe":24,"minecraft:diamond_pickaxe":315,"minecraft:iron_axe":27,"minecraft:iron_pickaxe":250,"minecraft:cobblestone":22,"minecraft:furnace":6,"minecraft:bucket":13,"minecraft:egg":2,"minecraft:cooked_beef":3,"minecraft:diamond_leggings":1}},"DataVersion":3955}