{"stats":{"minecraft:killed":{"minecraft:sheep":7,"minecraft:zombie":1,"minecraft:cow":8},"minecraft:picked_up":{"minecraft:wooden_axe":2,"minecraft:birch_log":6,"minecraft:crafting_table":7,"minecraft:leather":13,"minecraft:wooden_pickaxe":2,"minecraft:birch_planks":25,"minecraft:oak_log":5,"minecraft:dirt":15,"minecraft:beef":13,"minecraft:stone_pickaxe":2,"minecraft:sugar_cane":7,"minecraft:birch_sapling":3,"minecraft:egg":2,"minecraft:furnace":2,"minecraft:stick":2,"minecraft:raw_iron":97,"minecraft:birch_boat":1,"minecraft:oak_sapling":3,"minecraft:black_wool":1,"minecraft:mutton":13,"minecraft:coal":42,"minecraft:white_wool":8,"minecraft:cobblestone":46},"minecraft:mined":{"minecraft:crafting_table":5,"minecraft:short_grass":4,"minecraft:cobblestone":2,"minecraft:tall_grass":2,"minecraft:sugar_cane":4,"minecraft:birch_planks":1,"minecraft:furnace":2,"minecraft:birch_log":6,"minecraft:iron_ore":39,"minecraft:birch_leaves":2,"minecraft:oak_log":5,"minecraft:coal_ore":16,"minecraft:gravel":1,"minecraft:dirt":2,"minecraft:stone":40,"minecraft:oak_leaves":10},"minecraft:crafted":{"minecraft:cooked_beef":11,"minecraft:oak_planks":20,"minecraft:crafting_table":1,"minecraft:birch_boat":1,"minecraft:wooden_pickaxe":1,"minecraft:iron_helmet":1,"minecraft:furnace":2,"minecraft:bucket":1,"minecraft:birch_planks":24,"minecraft:cooked_mutton":8,"minecraft:air":0,"minecraft:iron_boots":1,"minecraft:iron_chestplate":1,"minecraft:shield":1,"minecraft:iron_axe":1,"minecraft:stick":12,"minecraft:iron_ingot":35,"minecraft:iron_pickaxe":1,"minecraft:stone_pickaxe":1,"minecraft:wooden_axe":1,"minecraft:iron_leggings":1},"minecraft:killed_by":{"minecraft:skeleton":1,"minecraft:zombie":1},"minecraft:custom":{"minecraft:interact_with_furnace":64,"minecraft:mob_kills":16,"minecraft:interact_with_crafting_table":15,"minecraft:leave_game":1,"minecraft:time_since_death":25154,"minecraft:time_since_rest":25184,"minecraft:sprint_one_cm":124595,"minecraft:damage_taken":1156,"minecraft:walk_one_cm":37862,"minecraft:damage_blocked_by_shield":244,"minecraft:damage_dealt":1662,"minecraft:swim_one_cm":12102,"minecraft:fly_one_cm":191063,"minecraft:crouch_one_cm":8182,"minecraft:play_time":39895,"minecraft:deaths":3,"minecraft:sneak_time":3719,"minecraft:walk_under_water_one_cm":4584,"minecraft:boat_one_cm":136354,"minecraft:jump":954,"minecraft:walk_on_water_one_cm":14219,"minecraft:total_world_time":39895,"minecraft:fall_one_cm":28948},"minecraft:used":{"minecraft:cooked_mutton":4,"minecraft:birch_planks":4,"minecraft:stone_pickaxe":70,"minecraft:oak_planks":6,"minecraft:shield":4,"minecraft:birch_boat":1,"minecraft:wooden_pickaxe":8,"minecraft:iron_chestplate":1,"minecraft:dirt":1,"minecraft:mutton":2,"minecraft:crafting_table":5,"minecraft:wooden_axe":24,"minecraft:iron_axe":27,"minecraft:iron_pickaxe":22,"minecraft:cobblestone":22,"minecraft:furnace":4,"minecraft:bucket":1,"minecraft:egg":2,"minecraft:cooked_beef":1}},"DataVersion":3955}