{"stats":{"minecraft:killed":{"minecraft:sheep":4,"minecraft:zombie":1},"minecraft:picked_up":{"minecraft:wooden_axe":2,"minecraft:birch_log":6,"minecraft:stick":2,"minecraft:raw_iron":93,"minecraft:crafting_table":6,"minecraft:wooden_pickaxe":2,"minecraft:birch_planks":25,"minecraft:oak_log":5,"minecraft:dirt":1,"minecraft:stone_pickaxe":2,"minecraft:furnace":2,"minecraft:oak_sapling":3,"minecraft:black_wool":1,"minecraft:mutton":9,"minecraft:birch_sapling":3,"minecraft:coal":42,"minecraft:white_wool":5,"minecraft:cobblestone":45,"minecraft:egg":2},"minecraft:mined":{"minecraft:birch_planks":1,"minecraft:furnace":2,"minecraft:birch_log":6,"minecraft:iron_ore":35,"minecraft:birch_leaves":2,"minecraft:crafting_table":4,"minecraft:short_grass":1,"minecraft:coal_ore":16,"minecraft:oak_log":5,"minecraft:gravel":1,"minecraft:dirt":2,"minecraft:tall_grass":2,"minecraft:cobblestone":1,"minecraft:stone":40,"minecraft:oak_leaves":10},"minecraft:crafted":{"minecraft:oak_planks":20,"minecraft:iron_boots":1,"minecraft:iron_chestplate":1,"minecraft:shield":1,"minecraft:iron_axe":1,"minecraft:crafting_table":1,"minecraft:stick":12,"minecraft:iron_helmet":1,"minecraft:iron_pickaxe":1,"minecraft:iron_ingot":35,"minecraft:wooden_pickaxe":1,"minecraft:stone_pickaxe":1,"minecraft:wooden_axe":1,"minecraft:iron_leggings":1,"minecraft:furnace":2,"minecraft:bucket":1,"minecraft:birch_planks":24,"minecraft:air":0,"minecraft:cooked_mutton":4},"minecraft:killed_by":{"minecraft:skeleton":1,"minecraft:zombie":1},"minecraft:used":{"minecraft:wooden_axe":24,"minecraft:iron_axe":3,"minecraft:birch_planks":1,"minecraft:stone_pickaxe":70,"minecraft:iron_pickaxe":17,"minecraft:oak_planks":6,"minecraft:wooden_pickaxe":8,"minecraft:iron_chestplate":1,"minecraft:mutton":2,"minecraft:dirt":1,"minecraft:cobblestone":13,"minecraft:crafting_table":4,"minecraft:furnace":2,"minecraft:bucket":1,"minecraft:egg":2,"minecraft:cooked_mutton":2},"minecraft:custom":{"minecraft:time_since_rest":13184,"minecraft:interact_with_furnace":42,"minecraft:sprint_one_cm":94448,"minecraft:damage_taken":884,"minecraft:walk_one_cm":28925,"minecraft:mob_kills":5,"minecraft:damage_dealt":690,"minecraft:interact_with_crafting_table":14,"minecraft:swim_one_cm":4087,"minecraft:fly_one_cm":137216,"minecraft:crouch_one_cm":7525,"minecraft:play_time":27895,"minecraft:deaths":3,"minecraft:sneak_time":3212,"minecraft:walk_under_water_one_cm":2392,"minecraft:jump":719,"minecraft:leave_game":1,"minecraft:walk_on_water_one_cm":8328,"minecraft:time_since_death":13154,"minecraft:total_world_time":27895,"minecraft:fall_one_cm":21665}},"DataVersion":3955}