{"stats":{"minecraft:picked_up":{"minecraft:arrow":2,"minecraft:bone":2,"minecraft:oak_sapling":1,"minecraft:wheat_seeds":9,"minecraft:dirt":35,"minecraft:birch_log":3},"minecraft:mined":{"minecraft:birch_log":1,"minecraft:short_grass":54,"minecraft:oak_leaves":1,"minecraft:dirt":1},"minecraft:used":{"minecraft:dirt":35},"minecraft:custom":{"minecraft:jump":42,"minecraft:time_since_rest":3005,"minecraft:leave_game":1,"minecraft:crouch_one_cm":1526,"minecraft:sprint_one_cm":20863,"minecraft:play_time":3005,"minecraft:damage_taken":53,"minecraft:time_since_death":3005,"minecraft:walk_one_cm":4482,"minecraft:sneak_time":211,"minecraft:total_world_time":3005,"minecraft:fall_one_cm":1018,"minecraft:fly_one_cm":5802}},"DataVersion":3955}