{"stats":{"minecraft:dropped":{"minecraft:stone_pickaxe":1},"minecraft:killed":{"minecraft:sheep":9,"minecraft:pig":3,"minecraft:chicken":3},"minecraft:picked_up":{"minecraft:birch_log":14,"minecraft:stick":2,"minecraft:crafting_table":5,"minecraft:feather":4,"minecraft:chicken":3,"minecraft:brown_wool":1,"minecraft:porkchop":5,"minecraft:oak_log":34,"minecraft:dirt":5,"minecraft:stone_pickaxe":1,"minecraft:oak_sapling":3,"minecraft:mutton":15,"minecraft:birch_sapling":3,"minecraft:coal":40,"minecraft:white_wool":9,"minecraft:cobblestone":74},"minecraft:mined":{"minecraft:birch_log":14,"minecraft:birch_leaves":15,"minecraft:crafting_table":5,"minecraft:short_grass":3,"minecraft:oak_log":35,"minecraft:grass_block":4,"minecraft:coal_ore":41,"minecraft:dirt":1,"minecraft:cobblestone":9,"minecraft:stone":65,"minecraft:oak_leaves":42},"minecraft:crafted":{"minecraft:oak_planks":8,"minecraft:crafting_table":2,"minecraft:stick":28,"minecraft:wooden_pickaxe":2,"minecraft:stone_pickaxe":2,"minecraft:torch":4,"minecraft:birch_planks":56,"minecraft:stone_axe":2},"minecraft:killed_by":{"minecraft:skeleton":1,"minecraft:creeper":1,"minecraft:spider":1},"minecraft:used":{"minecraft:stone_pickaxe":101,"minecraft:wooden_pickaxe":20,"minecraft:stone_axe":52,"minecraft:dirt":4,"minecraft:cobblestone":11,"minecraft:crafting_table":5,"minecraft:oak_sapling":2},"minecraft:custom":{"minecraft:time_since_rest":12461,"minecraft:sprint_one_cm":54726,"minecraft:damage_taken":797,"minecraft:walk_one_cm":52524,"minecraft:mob_kills":15,"minecraft:drop":1,"minecraft:damage_dealt":1203,"minecraft:swim_one_cm":1045,"minecraft:interact_with_crafting_table":10,"minecraft:fly_one_cm":54006,"minecraft:crouch_one_cm":53,"minecraft:play_time":24868,"minecraft:deaths":3,"minecraft:sneak_time":389,"minecraft:walk_under_water_one_cm":3907,"minecraft:jump":414,"minecraft:time_since_death":12417,"minecraft:walk_on_water_one_cm":2465,"minecraft:total_world_time":24868,"minecraft:fall_one_cm":11632}},"DataVersion":3955}