{"stats":{"minecraft:dropped":{"minecraft:stone_pickaxe":1},"minecraft:broken":{"minecraft:stone_pickaxe":1},"minecraft:killed":{"minecraft:skeleton":1,"minecraft:sheep":9,"minecraft:pig":3,"minecraft:chicken":9},"minecraft:picked_up":{"minecraft:birch_log":14,"minecraft:raw_iron":18,"minecraft:stick":2,"minecraft:crafting_table":6,"minecraft:feather":11,"minecraft:chicken":15,"minecraft:brown_wool":1,"minecraft:torch":3,"minecraft:porkchop":5,"minecraft:oak_log":76,"minecraft:dirt":5,"minecraft:bone":1,"minecraft:stone_pickaxe":1,"minecraft:cooked_chicken":2,"minecraft:oak_sapling":4,"minecraft:mutton":15,"minecraft:birch_sapling":3,"minecraft:coal":99,"minecraft:furnace":1,"minecraft:white_wool":9,"minecraft:cobblestone":113,"minecraft:egg":2},"minecraft:mined":{"minecraft:furnace":1,"minecraft:iron_ore":18,"minecraft:birch_log":14,"minecraft:birch_leaves":15,"minecraft:crafting_table":6,"minecraft:short_grass":3,"minecraft:oak_log":77,"minecraft:grass_block":4,"minecraft:coal_ore":58,"minecraft:dirt":1,"minecraft:cobblestone":10,"minecraft:stone":103,"minecraft:oak_leaves":55},"minecraft:crafted":{"minecraft:oak_planks":8,"minecraft:crafting_table":2,"minecraft:stick":28,"minecraft:wooden_pickaxe":2,"minecraft:stone_pickaxe":3,"minecraft:furnace":1,"minecraft:torch":4,"minecraft:birch_planks":56,"minecraft:stone_axe":2,"minecraft:cooked_mutton":6},"minecraft:killed_by":{"minecraft:skeleton":1,"minecraft:creeper":1,"minecraft:spider":1},"minecraft:used":{"minecraft:cooked_mutton":3,"minecraft:stone_pickaxe":176,"minecraft:wooden_pickaxe":20,"minecraft:cooked_chicken":2,"minecraft:torch":5,"minecraft:stone_axe":117,"minecraft:dirt":5,"minecraft:cobblestone":18,"minecraft:crafting_table":6,"minecraft:furnace":2,"minecraft:oak_sapling":2},"minecraft:custom":{"minecraft:time_since_rest":24461,"minecraft:interact_with_furnace":4,"minecraft:sprint_one_cm":72545,"minecraft:damage_taken":997,"minecraft:walk_one_cm":96738,"minecraft:mob_kills":22,"minecraft:drop":1,"minecraft:damage_dealt":1642,"minecraft:swim_one_cm":1045,"minecraft:interact_with_crafting_table":12,"minecraft:fly_one_cm":64995,"minecraft:crouch_one_cm":54,"minecraft:play_time":36868,"minecraft:deaths":3,"minecraft:sneak_time":450,"minecraft:walk_under_water_one_cm":3907,"minecraft:jump":577,"minecraft:time_since_death":24417,"minecraft:walk_on_water_one_cm":2707,"minecraft:total_world_time":36868,"minecraft:fall_one_cm":16315}},"DataVersion":3955}