{"stats":{"minecraft:killed":{"minecraft:sheep":5,"minecraft:pig":3,"minecraft:chicken":1},"minecraft:picked_up":{"minecraft:birch_log":12,"minecraft:crafting_table":3,"minecraft:chicken":1,"minecraft:porkchop":5,"minecraft:oak_log":16,"minecraft:dirt":4,"minecraft:oak_sapling":2,"minecraft:mutton":9,"minecraft:birch_sapling":1,"minecraft:coal":4,"minecraft:white_wool":6,"minecraft:cobblestone":35},"minecraft:mined":{"minecraft:birch_log":12,"minecraft:birch_leaves":5,"minecraft:crafting_table":3,"minecraft:short_grass":1,"minecraft:oak_log":16,"minecraft:grass_block":3,"minecraft:coal_ore":4,"minecraft:dirt":1,"minecraft:cobblestone":9,"minecraft:stone":26,"minecraft:oak_leaves":4},"minecraft:crafted":{"minecraft:crafting_table":1,"minecraft:stick":8,"minecraft:wooden_pickaxe":1,"minecraft:stone_pickaxe":1,"minecraft:birch_planks":40,"minecraft:stone_axe":1},"minecraft:killed_by":{"minecraft:skeleton":1,"minecraft:creeper":1,"minecraft:spider":1},"minecraft:used":{"minecraft:stone_pickaxe":34,"minecraft:wooden_pickaxe":10,"minecraft:stone_axe":24,"minecraft:dirt":4,"minecraft:cobblestone":11,"minecraft:crafting_table":3,"minecraft:oak_sapling":2},"minecraft:custom":{"minecraft:time_since_rest":461,"minecraft:sprint_one_cm":29932,"minecraft:damage_taken":777,"minecraft:walk_one_cm":31834,"minecraft:mob_kills":9,"minecraft:damage_dealt":803,"minecraft:swim_one_cm":1045,"minecraft:interact_with_crafting_table":7,"minecraft:fly_one_cm":33885,"minecraft:crouch_one_cm":12,"minecraft:play_time":12868,"minecraft:deaths":3,"minecraft:sneak_time":186,"minecraft:walk_under_water_one_cm":3907,"minecraft:jump":273,"minecraft:time_since_death":417,"minecraft:walk_on_water_one_cm":2465,"minecraft:total_world_time":12868,"minecraft:fall_one_cm":8069}},"DataVersion":3955}