{"stats":{"minecraft:dropped":{"minecraft:stone_pickaxe":1},"minecraft:broken":{"minecraft:stone_pickaxe":1,"minecraft:stone_axe":1},"minecraft:killed":{"minecraft:pig":4,"minecraft:spider":1,"minecraft:sheep":9,"minecraft:skeleton":1,"minecraft:zombie":3,"minecraft:chicken":12,"minecraft:cow":3},"minecraft:picked_up":{"minecraft:birch_log":14,"minecraft:crafting_table":8,"minecraft:feather":14,"minecraft:chicken":18,"minecraft:brown_wool":1,"minecraft:oak_log":93,"minecraft:lapis_lazuli":18,"minecraft:dirt":12,"minecraft:string":2,"minecraft:bone":1,"minecraft:iron_ingot":1,"minecraft:beef":5,"minecraft:stone_pickaxe":1,"minecraft:cooked_chicken":2,"minecraft:sugar_cane":7,"minecraft:birch_sapling":3,"minecraft:egg":5,"minecraft:furnace":3,"minecraft:stick":2,"minecraft:raw_iron":37,"minecraft:torch":4,"minecraft:porkchop":7,"minecraft:spider_eye":1,"minecraft:rotten_flesh":1,"minecraft:oak_sapling":4,"minecraft:mutton":15,"minecraft:coal":175,"minecraft:white_wool":9,"minecraft:cobblestone":127},"minecraft:mined":{"minecraft:crafting_table":8,"minecraft:torch":1,"minecraft:short_grass":4,"minecraft:grass_block":8,"minecraft:cobblestone":15,"minecraft:lapis_ore":2,"minecraft:sugar_cane":2,"minecraft:furnace":3,"minecraft:birch_log":14,"minecraft:iron_ore":37,"minecraft:birch_leaves":15,"minecraft:coal_ore":79,"minecraft:oak_log":94,"minecraft:dirt":4,"minecraft:stone":112,"minecraft:oak_leaves":58},"minecraft:crafted":{"minecraft:oak_planks":8,"minecraft:crafting_table":2,"minecraft:cooked_chicken":6,"minecraft:iron_helmet":1,"minecraft:wooden_pickaxe":2,"minecraft:furnace":2,"minecraft:bucket":1,"minecraft:birch_planks":56,"minecraft:stone_axe":3,"minecraft:cooked_mutton":6,"minecraft:iron_boots":1,"minecraft:iron_chestplate":1,"minecraft:stick":28,"minecraft:iron_ingot":37,"minecraft:iron_pickaxe":1,"minecraft:stone_pickaxe":3,"minecraft:iron_leggings":1,"minecraft:torch":28},"minecraft:killed_by":{"minecraft:skeleton":1,"minecraft:creeper":2,"minecraft:spider":1},"minecraft:custom":{"minecraft:interact_with_furnace":18,"minecraft:mob_kills":33,"minecraft:interact_with_crafting_table":24,"minecraft:leave_game":1,"minecraft:time_since_death":11351,"minecraft:time_since_rest":11608,"minecraft:sprint_one_cm":141280,"minecraft:damage_taken":1605,"minecraft:walk_one_cm":156835,"minecraft:drop":1,"minecraft:damage_dealt":3003,"minecraft:swim_one_cm":1045,"minecraft:fly_one_cm":105260,"minecraft:crouch_one_cm":182,"minecraft:play_time":64499,"minecraft:deaths":4,"minecraft:sneak_time":548,"minecraft:walk_under_water_one_cm":4317,"minecraft:jump":926,"minecraft:walk_on_water_one_cm":5648,"minecraft:total_world_time":64499,"minecraft:fall_one_cm":23258},"minecraft:used":{"minecraft:cooked_mutton":3,"minecraft:water_bucket":2,"minecraft:stone_pickaxe":236,"minecraft:wooden_pickaxe":20,"minecraft:cooked_chicken":6,"minecraft:rotten_flesh":1,"minecraft:iron_chestplate":1,"minecraft:torch":8,"minecraft:dirt":9,"minecraft:crafting_table":8,"minecraft:iron_helmet":1,"minecraft:iron_boots":1,"minecraft:stone_axe":160,"minecraft:cobblestone":51,"minecraft:oak_sapling":2,"minecraft:furnace":3,"minecraft:bucket":3,"minecraft:egg":4,"minecraft:iron_leggings":1}},"DataVersion":3955}