{"stats":{"minecraft:used":{"minecraft:birch_log":4},"minecraft:custom":{"minecraft:time_since_rest":2474,"minecraft:crouch_one_cm":137,"minecraft:play_time":6821,"minecraft:sprint_one_cm":19091,"minecraft:walk_one_cm":11254,"minecraft:damage_taken":313,"minecraft:deaths":1,"minecraft:sneak_time":204,"minecraft:walk_under_water_one_cm":4613,"minecraft:mob_kills":1,"minecraft:jump":151,"minecraft:damage_dealt":523,"minecraft:leave_game":1,"minecraft:time_since_death":2389,"minecraft:walk_on_water_one_cm":4109,"minecraft:total_world_time":6821,"minecraft:swim_one_cm":14794,"minecraft:fall_one_cm":3614,"minecraft:fly_one_cm":24859,"minecraft:player_kills":3},"minecraft:killed_by":{"minecraft:skeleton":1},"minecraft:killed":{"minecraft:skeleton":1},"minecraft:picked_up":{"minecraft:birch_log":4},"minecraft:mined":{"minecraft:short_grass":3,"minecraft:birch_log":4}},"DataVersion":3955}