{"stats":{"minecraft:dropped":{"minecraft:birch_planks":1,"minecraft:beef":4,"minecraft:wooden_pickaxe":1},"minecraft:broken":{"minecraft:stone_pickaxe":1},"minecraft:killed":{"minecraft:sheep":3,"minecraft:cow":4},"minecraft:picked_up":{"minecraft:birch_log":18,"minecraft:raw_iron":22,"minecraft:stick":1,"minecraft:crafting_table":3,"minecraft:oak_door":3,"minecraft:andesite":1,"minecraft:leather":3,"minecraft:dripstone_block":2,"minecraft:oak_log":5,"minecraft:pointed_dripstone":5,"minecraft:diorite":2,"minecraft:dirt":9,"minecraft:cobbled_deepslate":11,"minecraft:beef":11,"minecraft:coal":18,"minecraft:mutton":5,"minecraft:white_wool":4,"minecraft:cobblestone":84},"minecraft:mined":{"minecraft:oak_door":1,"minecraft:iron_ore":22,"minecraft:birch_log":18,"minecraft:andesite":1,"minecraft:crafting_table":3,"minecraft:coal_ore":8,"minecraft:pointed_dripstone":2,"minecraft:short_grass":6,"minecraft:grass_block":3,"minecraft:oak_log":5,"minecraft:dripstone_block":2,"minecraft:dirt":5,"minecraft:cobblestone":8,"minecraft:deepslate_coal_ore":10,"minecraft:stone":76,"minecraft:white_wool":1,"minecraft:diorite":3,"minecraft:oak_leaves":4,"minecraft:deepslate":11},"minecraft:crafted":{"minecraft:oak_door":3,"minecraft:oak_planks":20,"minecraft:crafting_table":1,"minecraft:stick":16,"minecraft:iron_pickaxe":1,"minecraft:iron_ingot":7,"minecraft:wooden_pickaxe":1,"minecraft:stone_pickaxe":1,"minecraft:furnace":1,"minecraft:torch":12,"minecraft:birch_planks":56,"minecraft:stone_axe":1,"minecraft:air":0},"minecraft:used":{"minecraft:diorite":2,"minecraft:stone_pickaxe":131,"minecraft:wooden_pickaxe":12,"minecraft:torch":4,"minecraft:oak_door":3,"minecraft:stone_axe":29,"minecraft:white_wool":1,"minecraft:dirt":4,"minecraft:cobblestone":19,"minecraft:mutton":5,"minecraft:beef":5,"minecraft:crafting_table":4,"minecraft:furnace":1,"minecraft:birch_log":4,"minecraft:andesite":1,"minecraft:cobbled_deepslate":1},"minecraft:custom":{"minecraft:time_since_rest":22353,"minecraft:interact_with_furnace":5,"minecraft:sprint_one_cm":49196,"minecraft:damage_taken":230,"minecraft:walk_one_cm":11044,"minecraft:mob_kills":7,"minecraft:drop":3,"minecraft:damage_dealt":550,"minecraft:swim_one_cm":4010,"minecraft:interact_with_crafting_table":8,"minecraft:fly_one_cm":29627,"minecraft:crouch_one_cm":1288,"minecraft:play_time":22353,"minecraft:sneak_time":775,"minecraft:walk_under_water_one_cm":1631,"minecraft:jump":236,"minecraft:leave_game":3,"minecraft:walk_on_water_one_cm":1511,"minecraft:time_since_death":22353,"minecraft:total_world_time":22353,"minecraft:fall_one_cm":4511}},"DataVersion":3955}