{"stats":{"minecraft:dropped":{"minecraft:stone_axe":2,"minecraft:birch_planks":1,"minecraft:wooden_pickaxe":1,"minecraft:beef":4},"minecraft:broken":{"minecraft:stone_pickaxe":1},"minecraft:killed":{"minecraft:spider":1,"minecraft:skeleton":1,"minecraft:sheep":13,"minecraft:cow":21},"minecraft:picked_up":{"minecraft:birch_log":18,"minecraft:crafting_table":6,"minecraft:andesite":1,"minecraft:leather":14,"minecraft:oak_log":5,"minecraft:string":2,"minecraft:dirt":21,"minecraft:bone":1,"minecraft:bow":1,"minecraft:cobbled_deepslate":14,"minecraft:iron_ingot":1,"minecraft:beef":45,"minecraft:furnace":2,"minecraft:stick":1,"minecraft:raw_iron":42,"minecraft:oak_door":3,"minecraft:dripstone_block":2,"minecraft:pointed_dripstone":10,"minecraft:diorite":3,"minecraft:arrow":2,"minecraft:stone_axe":1,"minecraft:black_wool":2,"minecraft:mutton":21,"minecraft:coal":41,"minecraft:white_wool":12,"minecraft:cobblestone":105},"minecraft:mined":{"minecraft:oak_door":1,"minecraft:crafting_table":6,"minecraft:short_grass":9,"minecraft:grass_block":6,"minecraft:tall_grass":5,"minecraft:cobblestone":9,"minecraft:deepslate_coal_ore":14,"minecraft:diorite":3,"minecraft:furnace":2,"minecraft:birch_log":18,"minecraft:iron_ore":23,"minecraft:andesite":1,"minecraft:oak_log":5,"minecraft:pointed_dripstone":3,"minecraft:coal_ore":10,"minecraft:deepslate_iron_ore":10,"minecraft:dripstone_block":2,"minecraft:dirt":14,"minecraft:stone":96,"minecraft:white_wool":1,"minecraft:oak_leaves":4,"minecraft:deepslate":14},"minecraft:crafted":{"minecraft:oak_door":3,"minecraft:oak_planks":20,"minecraft:crafting_table":1,"minecraft:wooden_pickaxe":1,"minecraft:iron_sword":1,"minecraft:furnace":1,"minecraft:bucket":2,"minecraft:birch_planks":56,"minecraft:stone_axe":1,"minecraft:air":0,"minecraft:iron_chestplate":1,"minecraft:shield":1,"minecraft:iron_axe":1,"minecraft:stick":16,"minecraft:iron_ingot":23,"minecraft:iron_pickaxe":1,"minecraft:stone_pickaxe":1,"minecraft:torch":24},"minecraft:used":{"minecraft:diorite":2,"minecraft:stone_pickaxe":131,"minecraft:shield":7,"minecraft:wooden_pickaxe":12,"minecraft:oak_door":3,"minecraft:white_wool":1,"minecraft:torch":19,"minecraft:dirt":4,"minecraft:mutton":14,"minecraft:crafting_table":6,"minecraft:dripstone_block":2,"minecraft:iron_axe":48,"minecraft:iron_pickaxe":44,"minecraft:stone_axe":29,"minecraft:cobblestone":67,"minecraft:beef":12,"minecraft:furnace":2,"minecraft:bucket":1,"minecraft:andesite":1,"minecraft:birch_log":4,"minecraft:cobbled_deepslate":14},"minecraft:custom":{"minecraft:interact_with_furnace":16,"minecraft:mob_kills":36,"minecraft:interact_with_crafting_table":18,"minecraft:leave_game":3,"minecraft:time_since_death":34353,"minecraft:time_since_rest":34353,"minecraft:sprint_one_cm":109491,"minecraft:damage_taken":405,"minecraft:walk_one_cm":20362,"minecraft:damage_blocked_by_shield":405,"minecraft:drop":5,"minecraft:damage_dealt":3290,"minecraft:swim_one_cm":4010,"minecraft:fly_one_cm":80614,"minecraft:crouch_one_cm":1369,"minecraft:play_time":34353,"minecraft:sneak_time":864,"minecraft:walk_under_water_one_cm":1631,"minecraft:jump":594,"minecraft:walk_on_water_one_cm":1840,"minecraft:total_world_time":34353,"minecraft:fall_one_cm":7103}},"DataVersion":3955}