{"stats":{"minecraft:dropped":{"minecraft:stone_axe":2,"minecraft:birch_planks":1,"minecraft:rotten_flesh":2,"minecraft:diorite":7,"minecraft:andesite":3,"minecraft:spider_eye":1,"minecraft:wooden_pickaxe":1,"minecraft:beef":4,"minecraft:iron_pickaxe":1,"minecraft:string":9,"minecraft:black_wool":2},"minecraft:broken":{"minecraft:stone_pickaxe":1},"minecraft:killed":{"minecraft:spider":2,"minecraft:skeleton":5,"minecraft:sheep":13,"minecraft:zombie":2,"minecraft:cow":21},"minecraft:picked_up":{"minecraft:birch_log":18,"minecraft:crafting_table":6,"minecraft:andesite":4,"minecraft:leather":14,"minecraft:oak_log":5,"minecraft:lapis_lazuli":65,"minecraft:string":4,"minecraft:dirt":21,"minecraft:raw_copper":16,"minecraft:bone":4,"minecraft:bow":1,"minecraft:cobbled_deepslate":42,"minecraft:raw_gold":17,"minecraft:iron_ingot":1,"minecraft:beef":45,"minecraft:furnace":2,"minecraft:stick":1,"minecraft:raw_iron":57,"minecraft:oak_door":3,"minecraft:torch":3,"minecraft:gravel":15,"minecraft:dripstone_block":2,"minecraft:pointed_dripstone":10,"minecraft:diorite":9,"minecraft:carrot":1,"minecraft:spider_eye":1,"minecraft:arrow":4,"minecraft:rotten_flesh":2,"minecraft:diamond":26,"minecraft:stone_axe":1,"minecraft:obsidian":1,"minecraft:black_wool":2,"minecraft:mutton":21,"minecraft:coal":69,"minecraft:white_wool":12,"minecraft:cobblestone":164},"minecraft:mined":{"minecraft:deepslate_diamond_ore":26,"minecraft:oak_door":1,"minecraft:obsidian":1,"minecraft:crafting_table":6,"minecraft:torch":2,"minecraft:short_grass":9,"minecraft:grass_block":6,"minecraft:copper_ore":5,"minecraft:tall_grass":5,"minecraft:cobblestone":23,"minecraft:deepslate_coal_ore":14,"minecraft:deepslate_gold_ore":16,"minecraft:diorite":9,"minecraft:furnace":2,"minecraft:birch_log":18,"minecraft:iron_ore":25,"minecraft:andesite":4,"minecraft:deepslate_lapis_ore":11,"minecraft:oak_log":5,"minecraft:pointed_dripstone":3,"minecraft:coal_ore":38,"minecraft:deepslate_iron_ore":23,"minecraft:gravel":17,"minecraft:dripstone_block":2,"minecraft:dirt":14,"minecraft:stone":141,"minecraft:gold_ore":1,"minecraft:white_wool":1,"minecraft:oak_leaves":4,"minecraft:deepslate":39},"minecraft:crafted":{"minecraft:oak_door":3,"minecraft:oak_planks":20,"minecraft:crafting_table":1,"minecraft:wooden_pickaxe":1,"minecraft:iron_sword":1,"minecraft:furnace":1,"minecraft:bucket":2,"minecraft:birch_planks":56,"minecraft:stone_axe":1,"minecraft:air":0,"minecraft:iron_chestplate":1,"minecraft:diamond_pickaxe":1,"minecraft:shield":1,"minecraft:iron_axe":1,"minecraft:stick":40,"minecraft:iron_ingot":23,"minecraft:iron_pickaxe":1,"minecraft:stone_pickaxe":1,"minecraft:torch":88},"minecraft:used":{"minecraft:water_bucket":21,"minecraft:diorite":2,"minecraft:stone_pickaxe":131,"minecraft:shield":19,"minecraft:wooden_pickaxe":12,"minecraft:oak_door":3,"minecraft:white_wool":1,"minecraft:torch":60,"minecraft:dirt":4,"minecraft:mutton":21,"minecraft:crafting_table":7,"minecraft:dripstone_block":2,"minecraft:obsidian":1,"minecraft:diamond_pickaxe":13,"minecraft:lava_bucket":10,"minecraft:iron_axe":68,"minecraft:iron_pickaxe":227,"minecraft:gravel":1,"minecraft:stone_axe":29,"minecraft:cobblestone":128,"minecraft:beef":18,"minecraft:furnace":3,"minecraft:bucket":33,"minecraft:andesite":1,"minecraft:birch_log":4,"minecraft:cobbled_deepslate":26},"minecraft:custom":{"minecraft:interact_with_furnace":17,"minecraft:mob_kills":43,"minecraft:interact_with_crafting_table":19,"minecraft:leave_game":3,"minecraft:time_since_death":52353,"minecraft:time_since_rest":52353,"minecraft:sprint_one_cm":152852,"minecraft:damage_taken":715,"minecraft:walk_one_cm":35141,"minecraft:damage_blocked_by_shield":1360,"minecraft:drop":13,"minecraft:damage_dealt":4550,"minecraft:swim_one_cm":4438,"minecraft:fly_one_cm":107439,"minecraft:open_chest":1,"minecraft:crouch_one_cm":4041,"minecraft:play_time":52353,"minecraft:sneak_time":2492,"minecraft:walk_under_water_one_cm":4268,"minecraft:jump":845,"minecraft:walk_on_water_one_cm":9776,"minecraft:total_world_time":52353,"minecraft:fall_one_cm":7103}},"DataVersion":3955}