{"stats":{"minecraft:dropped":{"minecraft:iron_sword":1,"minecraft:birch_planks":1,"minecraft:warped_roots":1,"minecraft:dirt":17,"minecraft:diorite":7,"minecraft:crimson_roots":1,"minecraft:iron_pickaxe":1,"minecraft:string":9,"minecraft:bone":4,"minecraft:oak_door":3,"minecraft:gravel":17,"minecraft:stone_axe":2,"minecraft:cobbled_deepslate":16,"minecraft:wheat":7,"minecraft:rotten_flesh":2,"minecraft:gunpowder":4,"minecraft:andesite":3,"minecraft:spider_eye":1,"minecraft:beef":4,"minecraft:wooden_pickaxe":1,"minecraft:quartz":18,"minecraft:black_wool":2},"minecraft:broken":{"minecraft:stone_pickaxe":1},"minecraft:killed":{"minecraft:spider":2,"minecraft:skeleton":5,"minecraft:hoglin":1,"minecraft:sheep":13,"minecraft:zombie":2,"minecraft:cow":21,"minecraft:enderman":1},"minecraft:picked_up":{"minecraft:crafting_table":11,"minecraft:string":4,"minecraft:raw_copper":16,"minecraft:cobbled_deepslate":58,"minecraft:bucket":1,"minecraft:beef":56,"minecraft:furnace":4,"minecraft:raw_iron":79,"minecraft:stick":1,"minecraft:oak_door":3,"minecraft:torch":3,"minecraft:porkchop":4,"minecraft:pointed_dripstone":10,"minecraft:diorite":9,"minecraft:carrot":1,"minecraft:arrow":4,"minecraft:rotten_flesh":2,"minecraft:mutton":21,"minecraft:obsidian":1,"minecraft:white_wool":12,"minecraft:cobblestone":164,"minecraft:birch_log":18,"minecraft:magma_block":30,"minecraft:andesite":4,"minecraft:leather":15,"minecraft:flint":2,"minecraft:oak_log":5,"minecraft:lapis_lazuli":65,"minecraft:dirt":21,"minecraft:bone":4,"minecraft:bow":1,"minecraft:raw_gold":17,"minecraft:iron_ingot":1,"minecraft:quartz":18,"minecraft:dripstone_block":2,"minecraft:gravel":39,"minecraft:spider_eye":1,"minecraft:diamond":26,"minecraft:stone_axe":1,"minecraft:warped_roots":1,"minecraft:coal":97,"minecraft:black_wool":2,"minecraft:netherrack":157,"minecraft:crimson_roots":1},"minecraft:mined":{"minecraft:deepslate_diamond_ore":26,"minecraft:oak_door":1,"minecraft:obsidian":1,"minecraft:grass_block":6,"minecraft:crimson_roots":1,"minecraft:magma_block":55,"minecraft:furnace":4,"minecraft:iron_ore":25,"minecraft:fire":1,"minecraft:andesite":4,"minecraft:deepslate_lapis_ore":11,"minecraft:pointed_dripstone":3,"minecraft:deepslate_iron_ore":23,"minecraft:stone":141,"minecraft:white_wool":1,"minecraft:crafting_table":11,"minecraft:torch":2,"minecraft:short_grass":9,"minecraft:warped_roots":2,"minecraft:cobblestone":23,"minecraft:nether_quartz_ore":18,"minecraft:tall_grass":5,"minecraft:copper_ore":5,"minecraft:deepslate_coal_ore":14,"minecraft:deepslate_gold_ore":16,"minecraft:diorite":9,"minecraft:warped_wart_block":1,"minecraft:warped_nylium":6,"minecraft:birch_log":18,"minecraft:coal_ore":38,"minecraft:oak_log":5,"minecraft:dirt":14,"minecraft:dripstone_block":2,"minecraft:gravel":42,"minecraft:netherrack":162,"minecraft:deepslate":39,"minecraft:gold_ore":1,"minecraft:oak_leaves":4},"minecraft:crafted":{"minecraft:oak_door":3,"minecraft:oak_planks":20,"minecraft:furnace":2,"minecraft:flint_and_steel":2,"minecraft:diamond_helmet":1,"minecraft:diamond_leggings":1,"minecraft:iron_axe":1,"minecraft:stone_pickaxe":1,"minecraft:diamond_boots":1,"minecraft:cooked_beef":12,"minecraft:diamond_sword":1,"minecraft:crafting_table":1,"minecraft:wooden_pickaxe":1,"minecraft:iron_sword":1,"minecraft:bucket":2,"minecraft:birch_planks":56,"minecraft:stone_axe":1,"minecraft:air":0,"minecraft:iron_chestplate":1,"minecraft:diamond_pickaxe":1,"minecraft:shield":1,"minecraft:stick":40,"minecraft:iron_ingot":25,"minecraft:iron_pickaxe":1,"minecraft:white_bed":1,"minecraft:torch":88},"minecraft:used":{"minecraft:flint_and_steel":2,"minecraft:shield":20,"minecraft:netherrack":112,"minecraft:oak_door":3,"minecraft:torch":60,"minecraft:dirt":4,"minecraft:mutton":21,"minecraft:diamond_helmet":1,"minecraft:obsidian":1,"minecraft:lava_bucket":10,"minecraft:iron_axe":73,"minecraft:beef":18,"minecraft:furnace":4,"minecraft:cooked_beef":4,"minecraft:cobbled_deepslate":26,"minecraft:water_bucket":22,"minecraft:diorite":2,"minecraft:diamond_boots":1,"minecraft:stone_pickaxe":131,"minecraft:wooden_pickaxe":12,"minecraft:white_wool":1,"minecraft:crafting_table":11,"minecraft:dripstone_block":2,"minecraft:diamond_pickaxe":257,"minecraft:iron_pickaxe":227,"minecraft:gravel":22,"minecraft:stone_axe":29,"minecraft:diamond_sword":12,"minecraft:cobblestone":128,"minecraft:birch_log":4,"minecraft:andesite":1,"minecraft:bucket":34,"minecraft:diamond_leggings":1},"minecraft:custom":{"minecraft:mob_kills":45,"minecraft:interact_with_crafting_table":30,"minecraft:leave_game":3,"minecraft:time_since_death":64353,"minecraft:sprint_one_cm":185101,"minecraft:walk_one_cm":42150,"minecraft:damage_blocked_by_shield":1435,"minecraft:drop":24,"minecraft:play_time":64353,"minecraft:sneak_time":4383,"minecraft:walk_under_water_one_cm":4268,"minecraft:jump":1040,"minecraft:walk_on_water_one_cm":9776,"minecraft:total_world_time":64353,"minecraft:interact_with_furnace":22,"minecraft:time_since_rest":64353,"minecraft:damage_taken":868,"minecraft:damage_dealt":5349,"minecraft:fly_one_cm":134394,"minecraft:swim_one_cm":4438,"minecraft:open_chest":1,"minecraft:crouch_one_cm":8495,"minecraft:fall_one_cm":7103}},"DataVersion":3955}