{"stats":{"minecraft:dropped":{"minecraft:wooden_pickaxe":1},"minecraft:killed":{"minecraft:sheep":1},"minecraft:picked_up":{"minecraft:birch_log":3,"minecraft:stick":1,"minecraft:crafting_table":1,"minecraft:andesite":1,"minecraft:oak_log":1,"minecraft:dirt":5,"minecraft:mutton":2,"minecraft:white_wool":2,"minecraft:cobblestone":18},"minecraft:mined":{"minecraft:birch_log":3,"minecraft:andesite":1,"minecraft:crafting_table":1,"minecraft:grass_block":2,"minecraft:oak_log":1,"minecraft:dirt":2,"minecraft:stone":18,"minecraft:white_wool":1,"minecraft:oak_leaves":4},"minecraft:crafted":{"minecraft:crafting_table":1,"minecraft:stick":4,"minecraft:wooden_pickaxe":1,"minecraft:stone_pickaxe":1,"minecraft:birch_planks":12},"minecraft:used":{"minecraft:stone_pickaxe":7,"minecraft:wooden_pickaxe":12,"minecraft:white_wool":1,"minecraft:dirt":4,"minecraft:mutton":2,"minecraft:crafting_table":1,"minecraft:andesite":1},"minecraft:custom":{"minecraft:time_since_rest":10353,"minecraft:sprint_one_cm":21662,"minecraft:damage_taken":200,"minecraft:walk_one_cm":6288,"minecraft:mob_kills":1,"minecraft:drop":1,"minecraft:damage_dealt":30,"minecraft:interact_with_crafting_table":2,"minecraft:fly_one_cm":12912,"minecraft:crouch_one_cm":957,"minecraft:play_time":10353,"minecraft:sneak_time":316,"minecraft:jump":105,"minecraft:leave_game":3,"minecraft:time_since_death":10353,"minecraft:total_world_time":10353,"minecraft:fall_one_cm":1858}},"DataVersion":3955}