{"stats":{"minecraft:dropped":{"minecraft:wooden_pickaxe":1},"minecraft:killed":{"minecraft:sheep":1},"minecraft:picked_up":{"minecraft:birch_log":3,"minecraft:crafting_table":1,"minecraft:andesite":1,"minecraft:mutton":2,"minecraft:white_wool":2,"minecraft:dirt":4,"minecraft:cobblestone":18},"minecraft:mined":{"minecraft:grass_block":2,"minecraft:dirt":2,"minecraft:birch_log":3,"minecraft:stone":18,"minecraft:andesite":1,"minecraft:crafting_table":1,"minecraft:white_wool":1},"minecraft:crafted":{"minecraft:birch_planks":12,"minecraft:crafting_table":1,"minecraft:stick":4,"minecraft:stone_pickaxe":1,"minecraft:wooden_pickaxe":1},"minecraft:used":{"minecraft:white_wool":1,"minecraft:mutton":2,"minecraft:crafting_table":1,"minecraft:stone_pickaxe":7,"minecraft:wooden_pickaxe":12},"minecraft:custom":{"minecraft:time_since_rest":4651,"minecraft:crouch_one_cm":5,"minecraft:play_time":4651,"minecraft:sprint_one_cm":13734,"minecraft:damage_taken":140,"minecraft:walk_one_cm":4045,"minecraft:sneak_time":42,"minecraft:mob_kills":1,"minecraft:drop":1,"minecraft:jump":62,"minecraft:damage_dealt":30,"minecraft:leave_game":2,"minecraft:time_since_death":4651,"minecraft:total_world_time":4651,"minecraft:interact_with_crafting_table":2,"minecraft:fall_one_cm":1858,"minecraft:fly_one_cm":10505}},"DataVersion":3955}