{"stats":{"minecraft:dropped":{"minecraft:iron_sword":1,"minecraft:birch_planks":1,"minecraft:lapis_lazuli":1,"minecraft:warped_roots":1,"minecraft:dirt":17,"minecraft:diorite":7,"minecraft:crimson_roots":1,"minecraft:potion":1,"minecraft:iron_pickaxe":1,"minecraft:string":15,"minecraft:gold_ingot":18,"minecraft:bone":4,"minecraft:oak_door":3,"minecraft:gravel":48,"minecraft:stone_axe":2,"minecraft:blackstone":40,"minecraft:cobbled_deepslate":32,"minecraft:nether_brick":14,"minecraft:wheat":7,"minecraft:obsidian":1,"minecraft:rotten_flesh":2,"minecraft:gunpowder":4,"minecraft:andesite":3,"minecraft:spider_eye":1,"minecraft:wooden_pickaxe":1,"minecraft:beef":4,"minecraft:quartz":18,"minecraft:netherrack":4,"minecraft:black_wool":2},"minecraft:broken":{"minecraft:stone_pickaxe":1},"minecraft:killed":{"minecraft:spider":2,"minecraft:skeleton":5,"minecraft:piglin":3,"minecraft:hoglin":1,"minecraft:sheep":13,"minecraft:zombie":2,"minecraft:cow":21,"minecraft:enderman":1},"minecraft:picked_up":{"minecraft:crafting_table":11,"minecraft:splash_potion":1,"minecraft:potion":1,"minecraft:nether_brick":14,"minecraft:string":10,"minecraft:raw_copper":16,"minecraft:blackstone":41,"minecraft:cobbled_deepslate":58,"minecraft:bucket":1,"minecraft:beef":56,"minecraft:furnace":5,"minecraft:stick":1,"minecraft:raw_iron":79,"minecraft:oak_door":3,"minecraft:torch":3,"minecraft:porkchop":4,"minecraft:pointed_dripstone":10,"minecraft:diorite":9,"minecraft:carrot":1,"minecraft:arrow":4,"minecraft:rotten_flesh":2,"minecraft:gold_ingot":1,"minecraft:obsidian":15,"minecraft:mutton":21,"minecraft:white_wool":12,"minecraft:cobblestone":164,"minecraft:birch_log":18,"minecraft:magma_block":30,"minecraft:andesite":4,"minecraft:leather":17,"minecraft:flint":2,"minecraft:oak_log":5,"minecraft:lapis_lazuli":65,"minecraft:dirt":21,"minecraft:bone":4,"minecraft:bow":1,"minecraft:raw_gold":17,"minecraft:iron_ingot":1,"minecraft:soul_sand":22,"minecraft:quartz":18,"minecraft:gravel":70,"minecraft:dripstone_block":2,"minecraft:spectral_arrow":7,"minecraft:spider_eye":1,"minecraft:diamond":26,"minecraft:stone_axe":1,"minecraft:warped_roots":1,"minecraft:coal":122,"minecraft:netherrack":186,"minecraft:black_wool":2,"minecraft:crimson_roots":1},"minecraft:mined":{"minecraft:deepslate_diamond_ore":26,"minecraft:oak_door":1,"minecraft:obsidian":13,"minecraft:grass_block":6,"minecraft:crimson_roots":1,"minecraft:magma_block":55,"minecraft:furnace":5,"minecraft:iron_ore":25,"minecraft:fire":1,"minecraft:andesite":4,"minecraft:deepslate_lapis_ore":11,"minecraft:pointed_dripstone":3,"minecraft:deepslate_iron_ore":23,"minecraft:stone":141,"minecraft:white_wool":1,"minecraft:crafting_table":11,"minecraft:torch":2,"minecraft:short_grass":9,"minecraft:warped_roots":2,"minecraft:nether_quartz_ore":18,"minecraft:tall_grass":5,"minecraft:copper_ore":5,"minecraft:cobblestone":23,"minecraft:deepslate_coal_ore":14,"minecraft:deepslate_gold_ore":16,"minecraft:diorite":9,"minecraft:warped_wart_block":1,"minecraft:warped_nylium":8,"minecraft:birch_log":18,"minecraft:oak_log":5,"minecraft:coal_ore":38,"minecraft:gravel":42,"minecraft:dripstone_block":2,"minecraft:dirt":14,"minecraft:netherrack":188,"minecraft:gold_ore":1,"minecraft:oak_leaves":4,"minecraft:deepslate":39},"minecraft:crafted":{"minecraft:oak_door":3,"minecraft:oak_planks":20,"minecraft:furnace":2,"minecraft:flint_and_steel":2,"minecraft:diamond_helmet":1,"minecraft:diamond_leggings":1,"minecraft:iron_axe":1,"minecraft:stone_pickaxe":1,"minecraft:diamond_boots":1,"minecraft:cooked_beef":12,"minecraft:diamond_sword":1,"minecraft:crafting_table":1,"minecraft:wooden_pickaxe":1,"minecraft:iron_sword":1,"minecraft:birch_planks":56,"minecraft:bucket":2,"minecraft:stone_axe":1,"minecraft:air":0,"minecraft:iron_chestplate":1,"minecraft:diamond_pickaxe":1,"minecraft:shield":1,"minecraft:stick":40,"minecraft:iron_ingot":25,"minecraft:iron_pickaxe":1,"minecraft:gold_ingot":17,"minecraft:white_bed":1,"minecraft:torch":88},"minecraft:used":{"minecraft:flint_and_steel":2,"minecraft:shield":21,"minecraft:netherrack":119,"minecraft:oak_door":3,"minecraft:torch":60,"minecraft:dirt":4,"minecraft:mutton":21,"minecraft:diamond_helmet":1,"minecraft:obsidian":1,"minecraft:lava_bucket":10,"minecraft:iron_axe":73,"minecraft:beef":18,"minecraft:furnace":5,"minecraft:cooked_beef":6,"minecraft:cobbled_deepslate":26,"minecraft:water_bucket":22,"minecraft:diorite":2,"minecraft:diamond_boots":1,"minecraft:stone_pickaxe":131,"minecraft:blackstone":1,"minecraft:wooden_pickaxe":12,"minecraft:white_wool":1,"minecraft:crafting_table":11,"minecraft:white_bed":1,"minecraft:dripstone_block":2,"minecraft:diamond_pickaxe":298,"minecraft:iron_pickaxe":227,"minecraft:gravel":22,"minecraft:stone_axe":29,"minecraft:diamond_sword":19,"minecraft:cobblestone":128,"minecraft:andesite":1,"minecraft:birch_log":4,"minecraft:bucket":36,"minecraft:diamond_leggings":1},"minecraft:custom":{"minecraft:mob_kills":48,"minecraft:interact_with_crafting_table":30,"minecraft:leave_game":4,"minecraft:time_since_death":75349,"minecraft:sprint_one_cm":203461,"minecraft:walk_one_cm":52532,"minecraft:damage_blocked_by_shield":1555,"minecraft:drop":45,"minecraft:play_time":75349,"minecraft:sneak_time":4449,"minecraft:walk_under_water_one_cm":4268,"minecraft:jump":1106,"minecraft:walk_on_water_one_cm":9776,"minecraft:total_world_time":75349,"minecraft:interact_with_furnace":36,"minecraft:time_since_rest":75349,"minecraft:damage_taken":1014,"minecraft:damage_dealt":5741,"minecraft:fly_one_cm":144294,"minecraft:swim_one_cm":4438,"minecraft:open_chest":1,"minecraft:crouch_one_cm":8680,"minecraft:fall_one_cm":7103}},"DataVersion":3955}