{"stats":{"minecraft:crafted":{"minecraft:birch_planks":12,"minecraft:crafting_table":1,"minecraft:stick":8,"minecraft:wooden_axe":1},"minecraft:used":{"minecraft:oak_log":1,"minecraft:wooden_axe":1,"minecraft:crafting_table":1,"minecraft:birch_log":1},"minecraft:custom":{"minecraft:time_since_rest":582,"minecraft:crouch_one_cm":423,"minecraft:walk_one_cm":10035,"minecraft:play_time":5666,"minecraft:sprint_one_cm":17808,"minecraft:damage_taken":718,"minecraft:deaths":3,"minecraft:sneak_time":316,"minecraft:walk_under_water_one_cm":9847,"minecraft:mob_kills":1,"minecraft:jump":137,"minecraft:damage_dealt":503,"minecraft:leave_game":1,"minecraft:walk_on_water_one_cm":4123,"minecraft:time_since_death":559,"minecraft:total_world_time":5666,"minecraft:swim_one_cm":8893,"minecraft:interact_with_crafting_table":1,"minecraft:fall_one_cm":3640,"minecraft:fly_one_cm":20623},"minecraft:killed_by":{"minecraft:player":3},"minecraft:killed":{"minecraft:sheep":1},"minecraft:picked_up":{"minecraft:crafting_table":1,"minecraft:birch_log":4,"minecraft:oak_log":1,"minecraft:black_wool":1,"minecraft:mutton":2},"minecraft:mined":{"minecraft:short_grass":1,"minecraft:oak_log":1,"minecraft:birch_log":4,"minecraft:crafting_table":1,"minecraft:oak_leaves":1}},"DataVersion":3955}