{"stats":{"minecraft:killed":{"minecraft:pig":4,"minecraft:sheep":3,"minecraft:zombie":2,"minecraft:chicken":3},"minecraft:picked_up":{"minecraft:birch_log":4,"minecraft:crafting_table":4,"minecraft:chicken":3,"minecraft:andesite":1,"minecraft:brown_wool":1,"minecraft:oak_log":16,"minecraft:gunpowder":1,"minecraft:lapis_lazuli":15,"minecraft:dirt":14,"minecraft:raw_copper":5,"minecraft:apple":1,"minecraft:wheat_seeds":1,"minecraft:cobbled_deepslate":2,"minecraft:raw_gold":4,"minecraft:iron_ingot":8,"minecraft:oak_boat":2,"minecraft:oak_planks":6,"minecraft:furnace":2,"minecraft:egg":2,"minecraft:stick":4,"minecraft:raw_iron":20,"minecraft:cooked_porkchop":1,"minecraft:dripstone_block":12,"minecraft:porkchop":8,"minecraft:pointed_dripstone":5,"minecraft:redstone":5,"minecraft:rotten_flesh":3,"minecraft:granite":9,"minecraft:mutton":5,"minecraft:coal":33,"minecraft:white_wool":1,"minecraft:cobblestone":87},"minecraft:mined":{"minecraft:deepslate_redstone_ore":1,"minecraft:crafting_table":4,"minecraft:granite":9,"minecraft:short_grass":3,"minecraft:grass_block":4,"minecraft:cobblestone":2,"minecraft:copper_ore":1,"minecraft:lapis_ore":2,"minecraft:deepslate_gold_ore":5,"minecraft:tall_seagrass":2,"minecraft:furnace":3,"minecraft:birch_log":4,"minecraft:iron_ore":17,"minecraft:fire":1,"minecraft:birch_leaves":1,"minecraft:andesite":1,"minecraft:oak_log":17,"minecraft:pointed_dripstone":1,"minecraft:coal_ore":13,"minecraft:cave_vines":2,"minecraft:dripstone_block":15,"minecraft:dirt":10,"minecraft:stone":89,"minecraft:oak_leaves":5,"minecraft:deepslate":2,"minecraft:fern":1},"minecraft:crafted":{"minecraft:oak_planks":64,"minecraft:cooked_porkchop":4,"minecraft:crafting_table":3,"minecraft:wooden_pickaxe":1,"minecraft:iron_sword":1,"minecraft:furnace":1,"minecraft:bucket":1,"minecraft:birch_planks":8,"minecraft:stone_axe":1,"minecraft:air":0,"minecraft:oak_boat":2,"minecraft:shield":1,"minecraft:stick":8,"minecraft:iron_ingot":9,"minecraft:iron_pickaxe":1,"minecraft:stone_pickaxe":1,"minecraft:wooden_axe":1},"minecraft:used":{"minecraft:stone_pickaxe":106,"minecraft:shield":3,"minecraft:wooden_pickaxe":19,"minecraft:iron_sword":4,"minecraft:white_wool":1,"minecraft:mutton":2,"minecraft:crafting_table":6,"minecraft:wooden_axe":18,"minecraft:apple":1,"minecraft:iron_pickaxe":54,"minecraft:stone_axe":25,"minecraft:cobblestone":17,"minecraft:furnace":3,"minecraft:cooked_porkchop":5,"minecraft:bucket":1,"minecraft:andesite":1,"minecraft:oak_boat":3},"minecraft:custom":{"minecraft:interact_with_furnace":11,"minecraft:mob_kills":13,"minecraft:interact_with_crafting_table":12,"minecraft:time_since_death":19459,"minecraft:climb_one_cm":148,"minecraft:time_since_rest":19459,"minecraft:sprint_one_cm":57611,"minecraft:damage_taken":720,"minecraft:walk_one_cm":32945,"minecraft:damage_blocked_by_shield":180,"minecraft:damage_dealt":1359,"minecraft:fly_one_cm":55422,"minecraft:crouch_one_cm":2937,"minecraft:play_time":19459,"minecraft:sneak_time":1686,"minecraft:boat_one_cm":23839,"minecraft:jump":307,"minecraft:walk_on_water_one_cm":1189,"minecraft:total_world_time":19459,"minecraft:fall_one_cm":8460}},"DataVersion":3955}