{"stats":{"minecraft:dropped":{"minecraft:wheat_seeds":1,"minecraft:dripstone_block":14,"minecraft:birch_sapling":1,"minecraft:rotten_flesh":8,"minecraft:granite":10,"minecraft:copper_ingot":1,"minecraft:gunpowder":1,"minecraft:brown_wool":1,"minecraft:stone_pickaxe":1},"minecraft:killed":{"minecraft:magma_cube":1,"minecraft:pig":10,"minecraft:zombie_villager":1,"minecraft:skeleton":2,"minecraft:sheep":6,"minecraft:zombie":6,"minecraft:chicken":6,"minecraft:drowned":1,"minecraft:enderman":6},"minecraft:picked_up":{"minecraft:birch_log":33,"minecraft:iron_chestplate":1,"minecraft:crafting_table":7,"minecraft:feather":4,"minecraft:basalt":6,"minecraft:chicken":9,"minecraft:andesite":1,"minecraft:brown_wool":1,"minecraft:flint":1,"minecraft:oak_log":21,"minecraft:golden_boots":1,"minecraft:shield":1,"minecraft:gunpowder":2,"minecraft:lapis_lazuli":30,"minecraft:dirt":73,"minecraft:raw_copper":10,"minecraft:iron_leggings":1,"minecraft:cooked_mutton":1,"minecraft:bone":2,"minecraft:apple":1,"minecraft:wheat_seeds":1,"minecraft:cobbled_deepslate":2,"minecraft:raw_gold":4,"minecraft:iron_ingot":14,"minecraft:cooked_chicken":2,"minecraft:oak_boat":10,"minecraft:iron_pickaxe":1,"minecraft:sugar_cane":6,"minecraft:iron_sword":1,"minecraft:birch_sapling":2,"minecraft:oak_planks":42,"minecraft:furnace":11,"minecraft:egg":13,"minecraft:stick":5,"minecraft:raw_iron":31,"minecraft:cooked_porkchop":11,"minecraft:copper_ingot":2,"minecraft:quartz":4,"minecraft:gravel":1,"minecraft:lava_bucket":1,"minecraft:dripstone_block":14,"minecraft:porkchop":28,"minecraft:pointed_dripstone":7,"minecraft:redstone":10,"minecraft:arrow":2,"minecraft:rotten_flesh":10,"minecraft:stone_axe":1,"minecraft:granite":10,"minecraft:warped_roots":3,"minecraft:warped_nylium":3,"minecraft:netherrack":36,"minecraft:mutton":10,"minecraft:coal":43,"minecraft:white_wool":4,"minecraft:cobblestone":113,"minecraft:ender_pearl":4},"minecraft:mined":{"minecraft:deepslate_redstone_ore":1,"minecraft:crimson_nylium":3,"minecraft:basalt":6,"minecraft:crafting_table":6,"minecraft:granite":10,"minecraft:short_grass":5,"minecraft:grass_block":5,"minecraft:warped_roots":1,"minecraft:nether_quartz_ore":4,"minecraft:cobblestone":10,"minecraft:copper_ore":1,"minecraft:lapis_ore":2,"minecraft:deepslate_gold_ore":5,"minecraft:oak_planks":1,"minecraft:sugar_cane":1,"minecraft:warped_nylium":1,"minecraft:tall_seagrass":2,"minecraft:furnace":8,"minecraft:birch_log":22,"minecraft:iron_ore":28,"minecraft:fire":1,"minecraft:birch_leaves":6,"minecraft:andesite":1,"minecraft:oak_log":22,"minecraft:pointed_dripstone":3,"minecraft:coal_ore":18,"minecraft:cave_vines":2,"minecraft:gravel":2,"minecraft:dripstone_block":15,"minecraft:dirt":10,"minecraft:stone":93,"minecraft:netherrack":33,"minecraft:oak_leaves":5,"minecraft:deepslate":2,"minecraft:fern":1},"minecraft:crafted":{"minecraft:oak_planks":64,"minecraft:cooked_porkchop":10,"minecraft:crafting_table":3,"minecraft:wooden_pickaxe":1,"minecraft:cooked_chicken":3,"minecraft:iron_sword":1,"minecraft:furnace":3,"minecraft:bucket":1,"minecraft:birch_planks":8,"minecraft:stone_axe":1,"minecraft:cooked_mutton":5,"minecraft:air":0,"minecraft:flint_and_steel":1,"minecraft:oak_boat":3,"minecraft:iron_chestplate":1,"minecraft:shield":1,"minecraft:stick":8,"minecraft:iron_ingot":18,"minecraft:iron_pickaxe":1,"minecraft:stone_pickaxe":1,"minecraft:wooden_axe":1,"minecraft:iron_leggings":1,"minecraft:gold_ingot":4,"minecraft:golden_boots":1},"minecraft:killed_by":{"minecraft:creeper":1,"minecraft:magma_cube":1},"minecraft:used":{"minecraft:water_bucket":28,"minecraft:flint_and_steel":1,"minecraft:stone_pickaxe":106,"minecraft:oak_planks":5,"minecraft:shield":8,"minecraft:wooden_pickaxe":19,"minecraft:iron_sword":65,"minecraft:netherrack":21,"minecraft:cooked_chicken":3,"minecraft:iron_chestplate":2,"minecraft:white_wool":1,"minecraft:dirt":10,"minecraft:mutton":2,"minecraft:crafting_table":8,"minecraft:wooden_axe":18,"minecraft:lava_bucket":9,"minecraft:apple":1,"minecraft:iron_pickaxe":137,"minecraft:stone_axe":70,"minecraft:cobblestone":65,"minecraft:furnace":8,"minecraft:cooked_porkchop":15,"minecraft:bucket":37,"minecraft:andesite":1,"minecraft:oak_boat":10,"minecraft:cobbled_deepslate":2,"minecraft:iron_leggings":1},"minecraft:custom":{"minecraft:interact_with_furnace":53,"minecraft:mob_kills":40,"minecraft:interact_with_crafting_table":18,"minecraft:leave_game":1,"minecraft:time_since_death":683,"minecraft:climb_one_cm":148,"minecraft:time_since_rest":727,"minecraft:sprint_one_cm":155919,"minecraft:damage_taken":2299,"minecraft:walk_one_cm":64583,"minecraft:damage_blocked_by_shield":495,"minecraft:drop":10,"minecraft:damage_dealt":6111,"minecraft:swim_one_cm":947,"minecraft:fly_one_cm":160798,"minecraft:crouch_one_cm":11332,"minecraft:play_time":42765,"minecraft:deaths":2,"minecraft:sneak_time":4092,"minecraft:walk_under_water_one_cm":2280,"minecraft:boat_one_cm":29102,"minecraft:jump":935,"minecraft:walk_on_water_one_cm":7681,"minecraft:total_world_time":42765,"minecraft:fall_one_cm":29865}},"DataVersion":3955}