{"stats":{"minecraft:dropped":{"minecraft:wheat_seeds":1,"minecraft:dripstone_block":14,"minecraft:birch_sapling":1,"minecraft:rotten_flesh":8,"minecraft:granite":10,"minecraft:brown_wool":1,"minecraft:stone_pickaxe":1},"minecraft:killed":{"minecraft:pig":9,"minecraft:zombie_villager":1,"minecraft:skeleton":2,"minecraft:sheep":5,"minecraft:zombie":6,"minecraft:chicken":6,"minecraft:drowned":1},"minecraft:picked_up":{"minecraft:birch_log":24,"minecraft:iron_chestplate":1,"minecraft:crafting_table":5,"minecraft:feather":4,"minecraft:chicken":9,"minecraft:andesite":1,"minecraft:brown_wool":1,"minecraft:oak_log":16,"minecraft:golden_boots":1,"minecraft:shield":1,"minecraft:gunpowder":1,"minecraft:lapis_lazuli":30,"minecraft:dirt":73,"minecraft:raw_copper":10,"minecraft:iron_leggings":1,"minecraft:cooked_mutton":1,"minecraft:bone":2,"minecraft:apple":1,"minecraft:wheat_seeds":1,"minecraft:cobbled_deepslate":2,"minecraft:raw_gold":4,"minecraft:iron_ingot":14,"minecraft:cooked_chicken":2,"minecraft:oak_boat":4,"minecraft:iron_pickaxe":1,"minecraft:sugar_cane":6,"minecraft:iron_sword":1,"minecraft:birch_sapling":2,"minecraft:oak_planks":41,"minecraft:furnace":11,"minecraft:egg":12,"minecraft:stick":5,"minecraft:raw_iron":31,"minecraft:cooked_porkchop":11,"minecraft:copper_ingot":2,"minecraft:lava_bucket":1,"minecraft:dripstone_block":14,"minecraft:porkchop":27,"minecraft:pointed_dripstone":7,"minecraft:redstone":10,"minecraft:arrow":2,"minecraft:rotten_flesh":10,"minecraft:stone_axe":1,"minecraft:granite":10,"minecraft:mutton":8,"minecraft:coal":43,"minecraft:white_wool":3,"minecraft:cobblestone":106},"minecraft:mined":{"minecraft:deepslate_redstone_ore":1,"minecraft:crafting_table":5,"minecraft:granite":10,"minecraft:short_grass":3,"minecraft:grass_block":5,"minecraft:cobblestone":2,"minecraft:copper_ore":1,"minecraft:lapis_ore":2,"minecraft:deepslate_gold_ore":5,"minecraft:sugar_cane":1,"minecraft:tall_seagrass":2,"minecraft:furnace":8,"minecraft:birch_log":13,"minecraft:iron_ore":28,"minecraft:fire":1,"minecraft:birch_leaves":1,"minecraft:andesite":1,"minecraft:oak_log":17,"minecraft:pointed_dripstone":3,"minecraft:coal_ore":18,"minecraft:cave_vines":2,"minecraft:dripstone_block":15,"minecraft:dirt":10,"minecraft:stone":91,"minecraft:oak_leaves":5,"minecraft:deepslate":2,"minecraft:fern":1},"minecraft:crafted":{"minecraft:oak_planks":64,"minecraft:cooked_porkchop":10,"minecraft:crafting_table":3,"minecraft:wooden_pickaxe":1,"minecraft:cooked_chicken":3,"minecraft:iron_sword":1,"minecraft:furnace":3,"minecraft:bucket":1,"minecraft:birch_planks":8,"minecraft:stone_axe":1,"minecraft:cooked_mutton":5,"minecraft:air":0,"minecraft:oak_boat":2,"minecraft:iron_chestplate":1,"minecraft:shield":1,"minecraft:stick":8,"minecraft:iron_ingot":18,"minecraft:iron_pickaxe":1,"minecraft:stone_pickaxe":1,"minecraft:wooden_axe":1,"minecraft:iron_leggings":1,"minecraft:gold_ingot":4,"minecraft:golden_boots":1},"minecraft:killed_by":{"minecraft:creeper":1},"minecraft:used":{"minecraft:water_bucket":13,"minecraft:stone_pickaxe":106,"minecraft:shield":8,"minecraft:wooden_pickaxe":19,"minecraft:iron_sword":24,"minecraft:cooked_chicken":1,"minecraft:iron_chestplate":2,"minecraft:white_wool":1,"minecraft:mutton":2,"minecraft:crafting_table":7,"minecraft:wooden_axe":18,"minecraft:lava_bucket":2,"minecraft:apple":1,"minecraft:iron_pickaxe":80,"minecraft:stone_axe":51,"minecraft:cobblestone":53,"minecraft:furnace":8,"minecraft:cooked_porkchop":13,"minecraft:bucket":15,"minecraft:andesite":1,"minecraft:oak_boat":4,"minecraft:cobbled_deepslate":2,"minecraft:iron_leggings":1},"minecraft:custom":{"minecraft:interact_with_furnace":53,"minecraft:mob_kills":31,"minecraft:interact_with_crafting_table":17,"minecraft:time_since_death":3585,"minecraft:climb_one_cm":148,"minecraft:time_since_rest":3619,"minecraft:sprint_one_cm":111243,"minecraft:damage_taken":1662,"minecraft:walk_one_cm":52293,"minecraft:damage_blocked_by_shield":495,"minecraft:drop":8,"minecraft:damage_dealt":3489,"minecraft:swim_one_cm":947,"minecraft:fly_one_cm":106787,"minecraft:crouch_one_cm":4068,"minecraft:play_time":31459,"minecraft:deaths":1,"minecraft:sneak_time":2058,"minecraft:walk_under_water_one_cm":2280,"minecraft:boat_one_cm":23854,"minecraft:jump":640,"minecraft:walk_on_water_one_cm":6190,"minecraft:total_world_time":31459,"minecraft:fall_one_cm":16938}},"DataVersion":3955}