{"stats":{"minecraft:broken":{"minecraft:iron_shovel":1},"minecraft:killed":{"minecraft:pig":7,"minecraft:spider":1,"minecraft:skeleton":2,"minecraft:sheep":10,"minecraft:zombie":4,"minecraft:chicken":2,"minecraft:cow":4},"minecraft:picked_up":{"minecraft:pink_petals":8,"minecraft:crafting_table":5,"minecraft:azure_bluet":1,"minecraft:feather":2,"minecraft:chicken":2,"minecraft:leather":3,"minecraft:flint":1,"minecraft:tuff":2,"minecraft:oak_log":22,"minecraft:dirt":567,"minecraft:string":1,"minecraft:bone":1,"minecraft:wheat_seeds":9,"minecraft:cobbled_deepslate":20,"minecraft:raw_gold":11,"minecraft:beef":11,"minecraft:egg":1,"minecraft:furnace":4,"minecraft:stick":2,"minecraft:raw_iron":37,"minecraft:torch":7,"minecraft:dandelion":2,"minecraft:gravel":1,"minecraft:porkchop":11,"minecraft:diorite":11,"minecraft:carrot":1,"minecraft:redstone":26,"minecraft:arrow":2,"minecraft:rotten_flesh":5,"minecraft:diamond":2,"minecraft:granite":3,"minecraft:mutton":17,"minecraft:coal":29,"minecraft:white_wool":10,"minecraft:cobblestone":116,"minecraft:sunflower":7},"minecraft:mined":{"minecraft:deepslate_redstone_ore":6,"minecraft:tuff":2,"minecraft:deepslate_diamond_ore":2,"minecraft:dandelion":4,"minecraft:crafting_table":5,"minecraft:torch":3,"minecraft:granite":3,"minecraft:short_grass":33,"minecraft:grass_block":391,"minecraft:poppy":1,"minecraft:tall_grass":5,"minecraft:cobblestone":2,"minecraft:deepslate_gold_ore":9,"minecraft:diorite":11,"minecraft:wall_torch":1,"minecraft:pink_petals":1,"minecraft:furnace":4,"minecraft:iron_ore":16,"minecraft:birch_leaves":8,"minecraft:azure_bluet":1,"minecraft:peony":2,"minecraft:dirt_path":38,"minecraft:oak_log":22,"minecraft:coal_ore":29,"minecraft:deepslate_iron_ore":21,"minecraft:sunflower":11,"minecraft:gravel":2,"minecraft:dirt":114,"minecraft:stone":116,"minecraft:gold_ore":2,"minecraft:oak_leaves":9,"minecraft:deepslate":20},"minecraft:crafted":{"minecraft:cooked_beef":4,"minecraft:oak_planks":88,"minecraft:crafting_table":1,"minecraft:iron_helmet":1,"minecraft:wooden_pickaxe":1,"minecraft:cooked_chicken":2,"minecraft:furnace":1,"minecraft:stone_axe":1,"minecraft:cooked_mutton":6,"minecraft:air":0,"minecraft:iron_boots":1,"minecraft:iron_chestplate":1,"minecraft:shield":1,"minecraft:stick":44,"minecraft:iron_ingot":37,"minecraft:iron_pickaxe":1,"minecraft:stone_pickaxe":1,"minecraft:stone_sword":1,"minecraft:chest":2,"minecraft:iron_shovel":4,"minecraft:iron_leggings":1,"minecraft:white_bed":1,"minecraft:torch":100},"minecraft:killed_by":{"minecraft:skeleton":3},"minecraft:custom":{"minecraft:interact_with_furnace":28,"minecraft:mob_kills":30,"minecraft:interact_with_crafting_table":23,"minecraft:bell_ring":3,"minecraft:leave_game":2,"minecraft:time_since_death":84858,"minecraft:climb_one_cm":582,"minecraft:time_since_rest":84884,"minecraft:sprint_one_cm":236160,"minecraft:damage_taken":1572,"minecraft:walk_one_cm":240359,"minecraft:damage_blocked_by_shield":390,"minecraft:damage_dealt":3332,"minecraft:swim_one_cm":12620,"minecraft:fly_one_cm":263660,"minecraft:open_chest":9,"minecraft:crouch_one_cm":28159,"minecraft:play_time":89311,"minecraft:sneak_time":8098,"minecraft:deaths":3,"minecraft:walk_under_water_one_cm":9663,"minecraft:jump":1862,"minecraft:interact_with_brewingstand":2,"minecraft:walk_on_water_one_cm":28878,"minecraft:total_world_time":89311,"minecraft:fall_one_cm":47703},"minecraft:used":{"minecraft:cooked_mutton":6,"minecraft:stone_sword":103,"minecraft:iron_shovel":525,"minecraft:stone_pickaxe":91,"minecraft:wooden_pickaxe":43,"minecraft:chest":2,"minecraft:shield":6,"minecraft:cooked_chicken":2,"minecraft:iron_chestplate":1,"minecraft:torch":103,"minecraft:dirt":475,"minecraft:crafting_table":6,"minecraft:bread":7,"minecraft:iron_pickaxe":119,"minecraft:iron_helmet":1,"minecraft:iron_boots":1,"minecraft:stone_axe":17,"minecraft:cobblestone":49,"minecraft:furnace":4,"minecraft:cooked_beef":3,"minecraft:iron_leggings":1}},"DataVersion":3955}