{"stats":{"minecraft:dropped":{"minecraft:iron_ingot":5},"minecraft:broken":{"minecraft:iron_shovel":2},"minecraft:killed":{"minecraft:pig":7,"minecraft:spider":2,"minecraft:creeper":1,"minecraft:skeleton":3,"minecraft:sheep":10,"minecraft:zombie":4,"minecraft:chicken":2,"minecraft:cow":4},"minecraft:picked_up":{"minecraft:pink_petals":11,"minecraft:crafting_table":5,"minecraft:cooked_beef":2,"minecraft:azure_bluet":1,"minecraft:feather":2,"minecraft:chicken":2,"minecraft:leather":3,"minecraft:flint":1,"minecraft:tuff":2,"minecraft:oak_log":27,"minecraft:dirt":829,"minecraft:string":5,"minecraft:bone":5,"minecraft:wheat_seeds":18,"minecraft:cobbled_deepslate":20,"minecraft:raw_gold":11,"minecraft:beef":11,"minecraft:egg":1,"minecraft:furnace":4,"minecraft:stick":2,"minecraft:raw_iron":37,"minecraft:torch":7,"minecraft:dandelion":4,"minecraft:gravel":1,"minecraft:porkchop":11,"minecraft:diorite":11,"minecraft:carrot":1,"minecraft:redstone":26,"minecraft:spider_eye":1,"minecraft:arrow":3,"minecraft:rotten_flesh":8,"minecraft:diamond":2,"minecraft:granite":3,"minecraft:mutton":17,"minecraft:coal":29,"minecraft:white_wool":10,"minecraft:cobblestone":116,"minecraft:sunflower":7},"minecraft:mined":{"minecraft:deepslate_redstone_ore":6,"minecraft:tuff":2,"minecraft:deepslate_diamond_ore":2,"minecraft:dandelion":5,"minecraft:crafting_table":5,"minecraft:torch":3,"minecraft:granite":3,"minecraft:short_grass":57,"minecraft:grass_block":589,"minecraft:poppy":1,"minecraft:tall_grass":12,"minecraft:cobblestone":2,"minecraft:deepslate_gold_ore":9,"minecraft:diorite":11,"minecraft:wall_torch":1,"minecraft:pink_petals":5,"minecraft:furnace":4,"minecraft:iron_ore":16,"minecraft:birch_leaves":8,"minecraft:azure_bluet":1,"minecraft:peony":2,"minecraft:dirt_path":47,"minecraft:oak_log":27,"minecraft:coal_ore":29,"minecraft:deepslate_iron_ore":21,"minecraft:sunflower":11,"minecraft:gravel":2,"minecraft:dirt":169,"minecraft:stone":116,"minecraft:gold_ore":2,"minecraft:oak_leaves":17,"minecraft:deepslate":20},"minecraft:crafted":{"minecraft:cooked_beef":10,"minecraft:oak_planks":88,"minecraft:crafting_table":1,"minecraft:iron_helmet":1,"minecraft:wooden_pickaxe":1,"minecraft:cooked_chicken":2,"minecraft:furnace":1,"minecraft:stone_axe":1,"minecraft:cooked_mutton":6,"minecraft:air":0,"minecraft:iron_boots":1,"minecraft:iron_chestplate":1,"minecraft:shield":1,"minecraft:stick":44,"minecraft:iron_ingot":37,"minecraft:iron_pickaxe":1,"minecraft:stone_pickaxe":1,"minecraft:stone_sword":1,"minecraft:chest":2,"minecraft:iron_shovel":4,"minecraft:iron_leggings":1,"minecraft:white_bed":1,"minecraft:torch":100},"minecraft:killed_by":{"minecraft:skeleton":3},"minecraft:custom":{"minecraft:interact_with_furnace":38,"minecraft:mob_kills":34,"minecraft:interact_with_crafting_table":24,"minecraft:bell_ring":44,"minecraft:leave_game":3,"minecraft:time_since_death":109357,"minecraft:sleep_in_bed":1,"minecraft:climb_one_cm":582,"minecraft:time_since_rest":15388,"minecraft:sprint_one_cm":315174,"minecraft:damage_taken":2193,"minecraft:walk_one_cm":319063,"minecraft:damage_blocked_by_shield":690,"minecraft:drop":1,"minecraft:damage_dealt":4213,"minecraft:swim_one_cm":15248,"minecraft:fly_one_cm":392204,"minecraft:open_chest":13,"minecraft:crouch_one_cm":39907,"minecraft:play_time":113810,"minecraft:sneak_time":10549,"minecraft:deaths":3,"minecraft:walk_under_water_one_cm":9859,"minecraft:jump":2580,"minecraft:interact_with_brewingstand":2,"minecraft:walk_on_water_one_cm":33790,"minecraft:total_world_time":113810,"minecraft:fall_one_cm":70218},"minecraft:used":{"minecraft:cooked_mutton":6,"minecraft:stone_sword":126,"minecraft:iron_shovel":798,"minecraft:stone_pickaxe":91,"minecraft:wooden_pickaxe":43,"minecraft:chest":2,"minecraft:shield":11,"minecraft:cooked_chicken":2,"minecraft:iron_chestplate":1,"minecraft:torch":103,"minecraft:dirt":829,"minecraft:crafting_table":6,"minecraft:carrot":1,"minecraft:bread":7,"minecraft:iron_pickaxe":119,"minecraft:iron_helmet":1,"minecraft:iron_boots":1,"minecraft:stone_axe":24,"minecraft:cobblestone":79,"minecraft:furnace":4,"minecraft:cooked_beef":10,"minecraft:iron_leggings":1}},"DataVersion":3955}