{"stats":{"minecraft:killed":{"minecraft:sheep":3,"minecraft:pig":1,"minecraft:chicken":2},"minecraft:picked_up":{"minecraft:stick":2,"minecraft:crafting_table":2,"minecraft:feather":2,"minecraft:chicken":2,"minecraft:gravel":1,"minecraft:porkchop":2,"minecraft:oak_log":17,"minecraft:dirt":12,"minecraft:beef":4,"minecraft:mutton":6,"minecraft:coal":4,"minecraft:egg":1,"minecraft:white_wool":3,"minecraft:cobblestone":72,"minecraft:furnace":1},"minecraft:mined":{"minecraft:furnace":1,"minecraft:birch_leaves":2,"minecraft:peony":2,"minecraft:crafting_table":2,"minecraft:coal_ore":4,"minecraft:grass_block":3,"minecraft:oak_log":17,"minecraft:gravel":1,"minecraft:dirt":9,"minecraft:stone":72,"minecraft:oak_leaves":4},"minecraft:crafted":{"minecraft:cooked_beef":4,"minecraft:oak_planks":68,"minecraft:crafting_table":1,"minecraft:stick":8,"minecraft:cooked_chicken":2,"minecraft:wooden_pickaxe":1,"minecraft:stone_pickaxe":1,"minecraft:stone_sword":1,"minecraft:furnace":1,"minecraft:white_bed":1,"minecraft:stone_axe":1,"minecraft:cooked_mutton":5,"minecraft:air":0},"minecraft:killed_by":{"minecraft:skeleton":3},"minecraft:used":{"minecraft:stone_sword":15,"minecraft:stone_pickaxe":36,"minecraft:wooden_pickaxe":43,"minecraft:dirt":7,"minecraft:crafting_table":3,"minecraft:furnace":2,"minecraft:cooked_beef":3},"minecraft:custom":{"minecraft:time_since_rest":19887,"minecraft:interact_with_furnace":14,"minecraft:sprint_one_cm":55072,"minecraft:damage_taken":1025,"minecraft:walk_one_cm":57465,"minecraft:mob_kills":6,"minecraft:damage_dealt":532,"minecraft:interact_with_crafting_table":6,"minecraft:fly_one_cm":73941,"minecraft:crouch_one_cm":4778,"minecraft:play_time":24314,"minecraft:deaths":3,"minecraft:sneak_time":2094,"minecraft:jump":563,"minecraft:leave_game":1,"minecraft:time_since_death":19861,"minecraft:walk_on_water_one_cm":929,"minecraft:total_world_time":24314,"minecraft:fall_one_cm":18002}},"DataVersion":3955}