{"stats":{"minecraft:killed_by":{"minecraft:skeleton":3},"minecraft:custom":{"minecraft:jump":182,"minecraft:time_since_rest":266,"minecraft:leave_game":1,"minecraft:damage_dealt":112,"minecraft:walk_on_water_one_cm":929,"minecraft:deaths":3,"minecraft:sprint_one_cm":25136,"minecraft:play_time":4693,"minecraft:damage_taken":795,"minecraft:time_since_death":240,"minecraft:walk_one_cm":5615,"minecraft:total_world_time":4693,"minecraft:fall_one_cm":6266,"minecraft:fly_one_cm":29042}},"DataVersion":3955}