{"stats":{"minecraft:killed":{"minecraft:pig":7,"minecraft:skeleton":1,"minecraft:sheep":10,"minecraft:zombie":2,"minecraft:chicken":2,"minecraft:cow":4},"minecraft:picked_up":{"minecraft:crafting_table":5,"minecraft:feather":2,"minecraft:chicken":2,"minecraft:leather":3,"minecraft:flint":1,"minecraft:tuff":2,"minecraft:oak_log":17,"minecraft:dirt":34,"minecraft:bone":1,"minecraft:wheat_seeds":1,"minecraft:cobbled_deepslate":20,"minecraft:raw_gold":11,"minecraft:beef":11,"minecraft:furnace":4,"minecraft:egg":1,"minecraft:stick":2,"minecraft:raw_iron":37,"minecraft:torch":7,"minecraft:gravel":1,"minecraft:porkchop":11,"minecraft:diorite":11,"minecraft:redstone":26,"minecraft:arrow":2,"minecraft:rotten_flesh":2,"minecraft:diamond":2,"minecraft:granite":3,"minecraft:coal":29,"minecraft:mutton":17,"minecraft:white_wool":10,"minecraft:cobblestone":116},"minecraft:mined":{"minecraft:deepslate_redstone_ore":6,"minecraft:tuff":2,"minecraft:deepslate_diamond_ore":2,"minecraft:crafting_table":5,"minecraft:torch":3,"minecraft:granite":3,"minecraft:short_grass":7,"minecraft:grass_block":15,"minecraft:cobblestone":2,"minecraft:deepslate_gold_ore":9,"minecraft:diorite":11,"minecraft:wall_torch":1,"minecraft:furnace":4,"minecraft:iron_ore":16,"minecraft:birch_leaves":8,"minecraft:peony":2,"minecraft:oak_log":17,"minecraft:coal_ore":29,"minecraft:deepslate_iron_ore":21,"minecraft:gravel":2,"minecraft:dirt":20,"minecraft:stone":116,"minecraft:gold_ore":2,"minecraft:oak_leaves":9,"minecraft:deepslate":20},"minecraft:crafted":{"minecraft:cooked_beef":4,"minecraft:oak_planks":68,"minecraft:crafting_table":1,"minecraft:iron_helmet":1,"minecraft:wooden_pickaxe":1,"minecraft:cooked_chicken":2,"minecraft:furnace":1,"minecraft:stone_axe":1,"minecraft:cooked_mutton":6,"minecraft:air":0,"minecraft:iron_boots":1,"minecraft:iron_chestplate":1,"minecraft:shield":1,"minecraft:stick":36,"minecraft:iron_ingot":37,"minecraft:iron_pickaxe":1,"minecraft:stone_pickaxe":1,"minecraft:stone_sword":1,"minecraft:iron_leggings":1,"minecraft:white_bed":1,"minecraft:torch":100},"minecraft:killed_by":{"minecraft:skeleton":3},"minecraft:custom":{"minecraft:interact_with_furnace":28,"minecraft:mob_kills":26,"minecraft:interact_with_crafting_table":18,"minecraft:leave_game":1,"minecraft:time_since_death":61861,"minecraft:climb_one_cm":582,"minecraft:time_since_rest":61887,"minecraft:sprint_one_cm":169466,"minecraft:damage_taken":1417,"minecraft:walk_one_cm":165043,"minecraft:damage_blocked_by_shield":390,"minecraft:damage_dealt":2683,"minecraft:swim_one_cm":12620,"minecraft:fly_one_cm":174103,"minecraft:open_chest":4,"minecraft:crouch_one_cm":8353,"minecraft:play_time":66314,"minecraft:deaths":3,"minecraft:sneak_time":4299,"minecraft:walk_under_water_one_cm":9663,"minecraft:jump":1394,"minecraft:interact_with_brewingstand":2,"minecraft:walk_on_water_one_cm":26815,"minecraft:total_world_time":66314,"minecraft:fall_one_cm":34699},"minecraft:used":{"minecraft:cooked_mutton":6,"minecraft:stone_sword":77,"minecraft:stone_pickaxe":91,"minecraft:shield":6,"minecraft:wooden_pickaxe":43,"minecraft:cooked_chicken":2,"minecraft:iron_chestplate":1,"minecraft:torch":103,"minecraft:dirt":18,"minecraft:crafting_table":5,"minecraft:iron_pickaxe":119,"minecraft:iron_helmet":1,"minecraft:iron_boots":1,"minecraft:stone_axe":12,"minecraft:cobblestone":49,"minecraft:furnace":4,"minecraft:cooked_beef":3,"minecraft:iron_leggings":1}},"DataVersion":3955}