{"stats":{"minecraft:mined":{"minecraft:birch_leaves":1,"minecraft:oak_leaves":3},"minecraft:killed_by":{"minecraft:skeleton":3},"minecraft:custom":{"minecraft:jump":422,"minecraft:time_since_rest":7887,"minecraft:crouch_one_cm":90,"minecraft:damage_dealt":112,"minecraft:damage_taken":955,"minecraft:leave_game":1,"minecraft:time_since_death":7861,"minecraft:play_time":12314,"minecraft:sprint_one_cm":38755,"minecraft:walk_one_cm":20132,"minecraft:walk_on_water_one_cm":929,"minecraft:deaths":3,"minecraft:sneak_time":236,"minecraft:total_world_time":12314,"minecraft:fall_one_cm":14482,"minecraft:fly_one_cm":62277}},"DataVersion":3955}