{"stats":{"minecraft:killed":{"minecraft:pig":2,"minecraft:skeleton":1,"minecraft:sheep":3,"minecraft:zombie":2,"minecraft:chicken":2,"minecraft:cow":1},"minecraft:picked_up":{"minecraft:crafting_table":4,"minecraft:feather":2,"minecraft:chicken":2,"minecraft:flint":1,"minecraft:tuff":2,"minecraft:oak_log":17,"minecraft:dirt":29,"minecraft:bone":1,"minecraft:wheat_seeds":1,"minecraft:cobbled_deepslate":20,"minecraft:raw_gold":11,"minecraft:beef":6,"minecraft:furnace":3,"minecraft:egg":1,"minecraft:stick":2,"minecraft:raw_iron":37,"minecraft:torch":7,"minecraft:gravel":1,"minecraft:porkchop":3,"minecraft:diorite":6,"minecraft:redstone":26,"minecraft:arrow":2,"minecraft:rotten_flesh":2,"minecraft:diamond":2,"minecraft:granite":3,"minecraft:coal":29,"minecraft:mutton":6,"minecraft:white_wool":3,"minecraft:cobblestone":103},"minecraft:mined":{"minecraft:deepslate_redstone_ore":6,"minecraft:tuff":2,"minecraft:deepslate_diamond_ore":2,"minecraft:crafting_table":4,"minecraft:torch":3,"minecraft:granite":3,"minecraft:grass_block":13,"minecraft:cobblestone":1,"minecraft:deepslate_gold_ore":9,"minecraft:diorite":6,"minecraft:wall_torch":1,"minecraft:furnace":3,"minecraft:iron_ore":16,"minecraft:birch_leaves":5,"minecraft:peony":2,"minecraft:oak_log":17,"minecraft:coal_ore":29,"minecraft:deepslate_iron_ore":21,"minecraft:gravel":2,"minecraft:dirt":16,"minecraft:stone":100,"minecraft:gold_ore":2,"minecraft:oak_leaves":5,"minecraft:deepslate":20},"minecraft:crafted":{"minecraft:cooked_beef":4,"minecraft:oak_planks":68,"minecraft:crafting_table":1,"minecraft:wooden_pickaxe":1,"minecraft:cooked_chicken":2,"minecraft:furnace":1,"minecraft:stone_axe":1,"minecraft:cooked_mutton":6,"minecraft:air":0,"minecraft:iron_chestplate":1,"minecraft:shield":1,"minecraft:stick":36,"minecraft:iron_ingot":15,"minecraft:iron_pickaxe":1,"minecraft:stone_pickaxe":1,"minecraft:stone_sword":1,"minecraft:white_bed":1,"minecraft:torch":100},"minecraft:killed_by":{"minecraft:skeleton":3},"minecraft:custom":{"minecraft:interact_with_furnace":22,"minecraft:mob_kills":11,"minecraft:interact_with_crafting_table":11,"minecraft:leave_game":1,"minecraft:time_since_death":49861,"minecraft:time_since_rest":49887,"minecraft:sprint_one_cm":113258,"minecraft:damage_taken":1417,"minecraft:walk_one_cm":137970,"minecraft:damage_blocked_by_shield":390,"minecraft:damage_dealt":1310,"minecraft:swim_one_cm":9790,"minecraft:fly_one_cm":107722,"minecraft:crouch_one_cm":7642,"minecraft:play_time":54314,"minecraft:deaths":3,"minecraft:sneak_time":3704,"minecraft:walk_under_water_one_cm":9634,"minecraft:jump":1081,"minecraft:walk_on_water_one_cm":26231,"minecraft:total_world_time":54314,"minecraft:fall_one_cm":26196},"minecraft:used":{"minecraft:cooked_mutton":5,"minecraft:stone_sword":29,"minecraft:stone_pickaxe":91,"minecraft:shield":6,"minecraft:wooden_pickaxe":43,"minecraft:cooked_chicken":1,"minecraft:iron_chestplate":1,"minecraft:torch":100,"minecraft:dirt":18,"minecraft:crafting_table":4,"minecraft:iron_pickaxe":90,"minecraft:stone_axe":11,"minecraft:cobblestone":16,"minecraft:furnace":4,"minecraft:cooked_beef":3}},"DataVersion":3955}