{"stats":{"minecraft:killed":{"minecraft:pig":2,"minecraft:sheep":3,"minecraft:zombie":1,"minecraft:chicken":2,"minecraft:cow":1},"minecraft:picked_up":{"minecraft:crafting_table":3,"minecraft:feather":2,"minecraft:chicken":2,"minecraft:flint":1,"minecraft:oak_log":17,"minecraft:dirt":28,"minecraft:wheat_seeds":1,"minecraft:cobbled_deepslate":3,"minecraft:raw_gold":6,"minecraft:beef":6,"minecraft:furnace":2,"minecraft:egg":1,"minecraft:stick":2,"minecraft:raw_iron":15,"minecraft:torch":4,"minecraft:gravel":1,"minecraft:porkchop":3,"minecraft:diorite":4,"minecraft:coal":29,"minecraft:mutton":6,"minecraft:white_wool":3,"minecraft:cobblestone":81},"minecraft:mined":{"minecraft:crafting_table":3,"minecraft:torch":3,"minecraft:grass_block":13,"minecraft:deepslate_gold_ore":4,"minecraft:diorite":4,"minecraft:furnace":2,"minecraft:iron_ore":12,"minecraft:birch_leaves":5,"minecraft:peony":2,"minecraft:oak_log":17,"minecraft:coal_ore":29,"minecraft:deepslate_iron_ore":3,"minecraft:gravel":2,"minecraft:dirt":15,"minecraft:stone":81,"minecraft:gold_ore":2,"minecraft:oak_leaves":5,"minecraft:deepslate":3},"minecraft:crafted":{"minecraft:cooked_beef":4,"minecraft:oak_planks":68,"minecraft:crafting_table":1,"minecraft:wooden_pickaxe":1,"minecraft:cooked_chicken":2,"minecraft:furnace":1,"minecraft:stone_axe":1,"minecraft:cooked_mutton":6,"minecraft:air":0,"minecraft:iron_chestplate":1,"minecraft:shield":1,"minecraft:stick":20,"minecraft:iron_ingot":13,"minecraft:iron_pickaxe":1,"minecraft:stone_pickaxe":1,"minecraft:stone_sword":1,"minecraft:white_bed":1,"minecraft:torch":44},"minecraft:killed_by":{"minecraft:skeleton":3},"minecraft:custom":{"minecraft:interact_with_furnace":20,"minecraft:mob_kills":9,"minecraft:interact_with_crafting_table":10,"minecraft:leave_game":1,"minecraft:time_since_death":31861,"minecraft:time_since_rest":31887,"minecraft:sprint_one_cm":70794,"minecraft:damage_taken":1070,"minecraft:walk_one_cm":96803,"minecraft:damage_dealt":931,"minecraft:fly_one_cm":85473,"minecraft:crouch_one_cm":7104,"minecraft:play_time":36314,"minecraft:deaths":3,"minecraft:sneak_time":3166,"minecraft:walk_under_water_one_cm":381,"minecraft:jump":725,"minecraft:walk_on_water_one_cm":5487,"minecraft:total_world_time":36314,"minecraft:fall_one_cm":20481},"minecraft:used":{"minecraft:cooked_mutton":2,"minecraft:stone_sword":20,"minecraft:stone_pickaxe":91,"minecraft:wooden_pickaxe":43,"minecraft:iron_chestplate":1,"minecraft:torch":43,"minecraft:dirt":18,"minecraft:crafting_table":4,"minecraft:iron_pickaxe":9,"minecraft:stone_axe":10,"minecraft:cobblestone":1,"minecraft:furnace":3,"minecraft:cooked_beef":3}},"DataVersion":3955}